SAF Code,Inventory Category,Sub Category,Element,Year of Purchase,Brand | Project ,Model,Size/LWH,Uom,Serial No,Qty,Location,Condition,Throw Ratio,Remarks,,,,,,,,,,,,,,,,,,,,,
Ac- 1,Technical,Cables,HDMI ,Na,Na,Na,10M,Mtr,Na,25,Delhi Warehouse,Ok,,Ok,,,,,,,,,,,,,,,,,,,,,
Ac- 2,Technical,Cables,HDMI ,Na,Na,Na,20M,Mtr,Na,9,Delhi Warehouse,Ok,,Ok,,,,,,,,,,,,,,,,,,,,,
Ac- 2,Technical,Cables,HDMI ,Na,Na,Na,30M,Mtr,Na,2,Delhi Warehouse,Ok,,Ok,,,,,,,,,,,,,,,,,,,,,
Ac- 3,Technical,Cables,HDMI ,Na,Na,Na,15M,Mtr,Na,14,Delhi Warehouse,Ok,,Ok,,,,,,,,,,,,,,,,,,,,,
Ac- 4,Technical,Cables,HDMI ,Na,Na,Na,5M,Mtr,Na,10,Delhi Warehouse,Ok,,Ok,,,,,,,,,,,,,,,,,,,,,
Ac- 4,Technical,Cables,HDMI ,Na,Na,Na,1M,Mtr,Na,29,Delhi Warehouse,Ok,,Ok,,,,,,,,,,,,,,,,,,,,,
Ac-5,Technical,Cables,PHONO M TO M,Na,Na,Na,15M,Mtr,Na,11,Delhi Warehouse,Ok,,Ok,,,,,,,,,,,,,,,,,,,,,
Ac-5,Technical,Cables,PHONO M TO M,Na,Na,Na,10M,Mtr,Na,21,Delhi Warehouse,Ok,,Ok,,,,,,,,,,,,,,,,,,,,,
Ac-6,Technical,Cables,XLR M TO F,Na,Na,Na,10M,Mtr,Na,21,Delhi Warehouse,Ok,,Ok,,,,,,,,,,,,,,,,,,,,,
Ac-6,Technical,Cables,XLR M TO F,Na,Na,Na,3M,Mtr,Na,3,Delhi Warehouse,Ok,,Ok,,,,,,,,,,,,,,,,,,,,,
Ac-6,Technical,Cables,XLR M TO F,Na,Na,Na,15M,Mtr,Na,4,Delhi Warehouse,Ok,,Ok,,,,,,,,,,,,,,,,,,,,,
Ac-6,Technical,Cables,XLR M TO F,Na,Na,Na,5M,Mtr,Na,4,Delhi Warehouse,Ok,,Ok,,,,,,,,,,,,,,,,,,,,,
Ac-7,Technical,Cables,PHONO M TO F,Na,Na,Na,10M,Mtr,Na,6,Delhi Warehouse,Ok,,Ok,,,,,,,,,,,,,,,,,,,,,
Ac-7,Technical,Cables,PHONO M TO XLR M,Na,Na,Na,3M,Mtr,Na,15,Delhi Warehouse,Ok,,Ok,,,,,,,,,,,,,,,,,,,,,
Ac-7,Technical,Cables,PHONO M TO XLR M,Na,Na,Na,10M,Mtr,Na,6,Delhi Warehouse,Ok,,Ok,,,,,,,,,,,,,,,,,,,,,
Ac-7,Technical,Cables,EP TO  XLR ,Na,Na,Na,10M,Mtr,Na,5,Delhi Warehouse,Ok,,Ok,,,,,,,,,,,,,,,,,,,,,
Ac-7,Technical,Cables,EP TO  XLR ,Na,Na,Na,5M,Mtr,Na,5,Delhi Warehouse,Ok,,Ok,,,,,,,,,,,,,,,,,,,,,
Ac-7,Technical,Cables,EP TO 2 XLR,Na,Na,Na,1M,Mtr,Na,7,Delhi Warehouse,Ok,,Ok,,,,,,,,,,,,,,,,,,,,,
Ac-8,Technical,Cables,PHONO M TO M,Na,Na,Na,15M,Mtr,Na,11,Delhi Warehouse,Ok,,Ok,,,,,,,,,,,,,,,,,,,,,
Ac-8,Technical,Cables,PHONO M TO M,Na,Na,Na,5M,Mtr,Na,6,Delhi Warehouse,Ok,,Ok,,,,,,,,,,,,,,,,,,,,,
Ac-8,Technical,Cables,TS M TO M,Na,Na,Na,10M,Mtr,Na,2,Delhi Warehouse,Ok,,Ok,,,,,,,,,,,,,,,,,,,,,
Ac-8,Technical,Cables,TS M TO M,Na,Na,Na,5M,Mtr,Na,6,Delhi Warehouse,Ok,,Ok,,,,,,,,,,,,,,,,,,,,,
Ac-8,Technical,Cables,PHONO M TO M,Na,Na,Na,10m,Mtr,Na,33,Delhi Warehouse,Ok,,Ok,,,,,,,,,,,,,,,,,,,,,
Ac-9,Technical,Cables,EP M TO PHONO M,Na,Na,Na,10M,Mtr,Na,25,Delhi Warehouse,Ok,,Ok,,,,,,,,,,,,,,,,,,,,,
Ac-9,Technical,Cables,PHONO TO PHONO,Na,Na,Na,10m,Mtr,Na,5,Delhi Warehouse,Ok,,Ok,,,,,,,,,,,,,,,,,,,,,
Ac-10,Technical,Cables,EP TO 3 RCA,Na,Na,Na,1 M,Mtr,Na,11,Delhi Warehouse,Ok,,Ok,,,,,,,,,,,,,,,,,,,,,
Ac-10,Technical,Cables,EP TO 2 RCA,Na,Na,Na,1 M,Mtr,Na,23,Delhi Warehouse,Ok,,Ok,,,,,,,,,,,,,,,,,,,,,
Ac-10,Technical,Cables,2 RCA TO 2RCA,Na,Na,Na,1 M,Mtr,Na,13,Delhi Warehouse,Ok,,Ok,,,,,,,,,,,,,,,,,,,,,
Ac-10,Technical,Cables,EP M TO F,Na,Na,Na,10M,Mtr,Na,19,Delhi Warehouse,Ok,,Ok,,,,,,,,,,,,,,,,,,,,,
Ac-10,Technical,Cables,3RCA TO 3RCA,Na,Na,Na,5M,Mtr,Na,8,Delhi Warehouse,Ok,,Ok,,,,,,,,,,,,,,,,,,,,,
Ac-10,Technical,Cables,EP M TO M,Na,Na,Na,10M,Mtr,Na,18,Delhi Warehouse,Ok,,Ok,,,,,,,,,,,,,,,,,,,,,
Ac-10,Technical,Cables,EP M TO M,Na,Na,Na,5M,Mtr,Na,16,Delhi Warehouse,Ok,,Ok,,,,,,,,,,,,,,,,,,,,,
Ac-10,Technical,Cables,EP M TO M,Na,Na,Na,3M,Mtr,Na,10,Delhi Warehouse,Ok,,Ok,,,,,,,,,,,,,,,,,,,,,
Ac- 11,Technical,Cables,HDMI ,Na,Na,Na,10M,Mtr,Na,2,Delhi Warehouse,Ok,,Ok,,,,,,,,,,,,,,,,,,,,,
Ac- 11,Technical,Cables,HDMI ,Na,Na,Na,5M,Mtr,Na,13,Delhi Warehouse,Ok,,Ok,,,,,,,,,,,,,,,,,,,,,
Ac-Lan,Technical,Cables,Lan ,Na,Na,Na,3M,Mtr,Na,27,Delhi Warehouse,Ok,,Ok,,,,,,,,,,,,,,,,,,,,,
Ac-Lan,Technical,Cables,Lan ,Na,Na,Na,10 M,Mtr,Na,8,Delhi Warehouse,Ok,,Ok,,,,,,,,,,,,,,,,,,,,,
Ac-Speaker Wire,Technical,Cables,Speaker Extension Wire,Na,Na,Na,LOOSE,Na,Na,Na,Delhi Warehouse,Ok,,Ok,,,,,,,,,,,,,,,,,,,,,
"LYD-49""-01",Technical,Appliance,Tv 49,2019,Llyod,L49U2E0KA,"49""",In,HNHFG20K00932,1,Delhi Warehouse,Ok,,Installed,,,,,,,,,,,,,,,,,,,,,
"LYD-49""-02",Technical,Appliance,Tv 49,2019,Llyod,L49U2E0KA,"49""",In,HNHFG20K00935,1,Delhi Warehouse,Ok,,All Ok Usb Hdmi Screen 14.8.25,,,,,,,,,,,,,,,,,,,,,
"LYD-49""-03",Technical,Appliance,Tv 49,2019,Llyod,L49U2E0KA,"49""",In,HNHFG20K00634,1,Delhi Warehouse,Ok,,Installed,,,,,,,,,,,,,,,,,,,,,
"LYD-49""-04",Technical,Appliance,Tv 49,2019,Llyod,L49U2E0KA,"49""",In,HNHFG20K01190,1,Delhi Warehouse,Ok,,All Ok Usb Hdmi Screen 14.8.25,,,,,,,,,,,,,,,,,,,,,
"LYD-49""-05",Technical,Appliance,Tv 49,2019,Llyod,L49U2E0KA,"49""",In,HNHFG20K00943,1,Delhi Warehouse,Ok,,All Ok Usb Hdmi Screen 14.8.25,,,,,,,,,,,,,,,,,,,,,
"LYD-49""-06",Technical,Appliance,Tv 49,2019,Llyod,L49U2E0KA,"49""",In,HNHFG20K01247,1,Defence Colony,Ok,,Installed,,,,,,,,,,,,,,,,,,,,,
"LYD-49""-07",Technical,Appliance,Tv 49,2019,Llyod,L49U2E0KA,"49""",In,HNHFG20K00946,1,Delhi Warehouse,Not Ok,,BAD/ SCREEN GLITCH (Usb Hdmi Ok),,,,,,,,,,,,,,,,,,,,,
"LYD-49""-08",Technical,Appliance,Tv 49,2019,Llyod,L49U2E0KA,"49""",In,HNHFG20K01027,1,Delhi Warehouse,Ok,,BAD/ SCREEN GLITCH (Usb Hdmi Ok),,,,,,,,,,,,,,,,,,,,,
"LYD-49""-09",Technical,Appliance,Tv 49,2019,Llyod,L49U2E0KA,"49""",In,HNHFG20K00934,1,Delhi Warehouse,Ok,,BAD/ SCREEN Damaged (Usb Hdmi Ok)20.8..25,,,,,,,,,,,,,,,,,,,,,
"LYD-49""-10",Technical,Appliance,Tv 49,2019,Llyod,L49U2E0KA,"49""",In,HNHFG20K01047,1,Delhi Warehouse,Ok,,All Ok Usb Hdmi Screen 13.8.25,,,,,,,,,,,,,,,,,,,,,
"LYD-49""-11",Technical,Appliance,Tv 49,2019,Llyod,L49U2E0KA,"49""",In,HNHFG20K01231,1,Delhi Warehouse,Ok,,All Ok Usb Hdmi Screen 13.8.25,,,,,,,,,,,,,,,,,,,,,
"LYD-49""-12",Technical,Appliance,Tv 49,2019,Llyod,L49U2E0KA,"49""",In,HNHFG20K00927,1,Delhi Warehouse,Ok,,All Ok Usb Hdmi Screen 13.8.25,,,,,,,,,,,,,,,,,,,,,
"LYD-49""-13",Technical,Appliance,Tv 49,2019,Llyod,L49U2E0KA,"49""",In,HNHFG20K00942,1,Delhi Warehouse,Ok,,Installed,,,,,,,,,,,,,,,,,,,,,
"LYD-49""-14",Technical,Appliance,Tv 49,2019,Llyod,L49U2E0KA,"49""",In,HNHFG20K01128,1,Delhi Warehouse,Ok,,All Ok Usb Hdmi Screen 14.8.25,,,,,,,,,,,,,,,,,,,,,
"LYD-49""-15",Technical,Appliance,Tv 49,2019,Llyod,L49U2E0KA,"49""",In,HNHFG20K00857,1,Defence Colony,Ok,,Installed,,,,,,,,,,,,,,,,,,,,,
"LYD-49""-16",Technical,Appliance,Tv 49,2019,Llyod,L49U2E0KA,"49""",In,HNHFG20K01223,1,Defence Colony,Ok,,Installed,,,,,,,,,,,,,,,,,,,,,
"LYD-49""-15",Technical,Appliance,Tv 49,2019,Llyod,L49U2E0KA,"49""",In,Na,1,Delhi Warehouse,Ok,,All Ok Usb Hdmi Screen 13.8.25,,,,,,,,,,,,,,,,,,,,,
"LYD-49""-16",Technical,Appliance,Tv 49,2019,Llyod,L49U2E0KA,"49""",In,HNHFG20K00857,1,Delhi Warehouse,Ok,,All Ok Usb Hdmi Screen 14.8.25,,,,,,,,,,,,,,,,,,,,,
"LYD-49""-17",Technical,Appliance,Tv 49,2019,Llyod,L49U2E0KA,"49""",In,HNHFG20K01218,1,Delhi Warehouse,Not Ok,,Line in Screen(Usb Hdmi Ok)14.8.25,,,,,,,,,,,,,,,,,,,,,
"LYD-49""-18",Technical,Appliance,Tv 49,2019,Llyod,L49U2E0KA,"49""",In,HNHFG20K00850,1,Delhi Warehouse,Ok,,All Ok Usb Hdmi Screen 13.8.25,,,,,,,,,,,,,,,,,,,,,
"LYD-49""-19",Technical,Appliance,Tv 49,2019,Llyod,L49U2E0KA,"49""",In,HNHFG20K00989,1,Delhi Warehouse,Ok,,All Ok Usb Hdmi Screen 13.8.25,,,,,,,,,,,,,,,,,,,,,
"LYD-49""-20",Technical,Appliance,Tv 49,2019,Llyod,L49U2E0KA,"49""",In,HNHFG20K01266,1,Delhi Warehouse,Ok,,Installed,,,,,,,,,,,,,,,,,,,,,
"LYD-49""-21",Technical,Appliance,Tv 49,2019,Llyod,L49U2E0KA,"49""",In,HNHFG20K00947,1,Delhi Warehouse,Ok,,Installed,,,,,,,,,,,,,,,,,,,,,
"LYD-49""-22",Technical,Appliance,Tv 49,2019,Llyod,L49U2E0KA,"49""",In,HNHFG20K00051,1,Delhi Warehouse,Ok,,All Ok Usb Hdmi Screen 13.8.25,,,,,,,,,,,,,,,,,,,,,
"LYD-49""-23",Technical,Appliance,Tv 49,2019,Llyod,L49U2E0KA,"49""",In,HNHFG20K01223,1,Defence Colony,Ok,,Installed,,,,,,,,,,,,,,,,,,,,,
"LYD-49""-24",Technical,Appliance,Tv 49,2019,Llyod,L49U2E0KA,"49""",In,HNHFG20K01225,1,Defence Colony,Ok,,Installed,,,,,,,,,,,,,,,,,,,,,
"LYD-39""-01",Technical,Appliance,Tv 39,2019,Llyod,L39FN2S,"39""",In,HSHHG20C09968,1,Delhi Warehouse,Ok,,Ok,,,,,,,,,,,,,,,,,,,,,
"LYD-39""-02",Technical,Appliance,Tv 39,2019,Llyod,L39FN2S,"39""",In,HSHHG20C05864,1,Delhi Warehouse,Ok,,Screen flicker 22.8.25 ,,,,,,,,,,,,,,,,,,,,,
"LYD-39""-03",Technical,Appliance,Tv 39,2019,Llyod,L39FN2S,"39""",In,HSHHG20C00356,1,Delhi Warehouse,Ok,,Ok,,,,,,,,,,,,,,,,,,,,,
"LYD-39""-04",Technical,Appliance,Tv 39,2019,Llyod,L39FN2S,"39""",In,HSHHG20C05885,1,Delhi Warehouse,Ok,,Ok,,,,,,,,,,,,,,,,,,,,,
"LYD-39""-05",Technical,Appliance,Tv 39,2019,Llyod,L39FN2S,"39""",In,HSHHG20C05804,1,Delhi Warehouse,Ok,,Ok,,,,,,,,,,,,,,,,,,,,,
"LYD-39""-06",Technical,Appliance,Tv 39,2019,Llyod,L39FN2S,"39""",In,HSHHG20C05502,1,Delhi Warehouse,Ok,,Ok,,,,,,,,,,,,,,,,,,,,,
"LYD-39""-07",Technical,Appliance,Tv 39,2019,Llyod,L39FN2S,"39""",In,HSHHG20C01387,1,Delhi Warehouse,Ok,,Ok,,,,,,,,,,,,,,,,,,,,,
"LYD-39""-08",Technical,Appliance,Tv 39,2019,Llyod,L39FN2S,"39""",In,HSHHG20C00206,1,Delhi Warehouse,Ok,,Ok,,,,,,,,,,,,,,,,,,,,,
"LYD-39""-09",Technical,Appliance,Tv 39,2019,Llyod,L39FN2S,"39""",In,HSHHG20C06674,1,Delhi Warehouse,Ok,,Ok,,,,,,,,,,,,,,,,,,,,,
"LYD-39""-10",Technical,Appliance,Tv 39,2019,Llyod,L39FN2S,"39""",In,HSHHG20C01051,1,Delhi Warehouse,Ok,,All Ok Usb Hdmi 14.8.25,,,,,,,,,,,,,,,,,,,,,
"LYD-32""-01",Technical,Appliance,Tv 32,2019,Llyod,L32H2M0QX,"32""",In,FG20X17451,1,Delhi Warehouse,Ok,,All Ok Usb Hdmi 21.08.25,,,,,,,,,,,,,,,,,,,,,
"LYD-32""-02",Technical,Appliance,Tv 32,2019,Llyod,L32H2M0QX,"32""",In,FG20X14770,1,Delhi Warehouse,Ok,,Damaged by artist Saf 24,,,,,,,,,,,,,,,,,,,,,
"LYD-32""-03",Technical,Appliance,Tv 32,2019,Llyod,L32H2M0QX,"32""",In,FG20X14765,1,Delhi Warehouse,Ok,,All Ok Usb Hdmi 21.08.25,,,,,,,,,,,,,,,,,,,,,
"LYD-32""-04",Technical,Appliance,Tv 32,2019,Llyod,L32H2M0QX,"32""",In,FG20X15196,1,Delhi Warehouse,Ok,,All Ok Usb Hdmi 21.08.25,,,,,,,,,,,,,,,,,,,,,
"LYD-32""-05",Technical,Appliance,Tv 32,2019,Llyod,L32H2M0QX,"32""",In,FG20X17613,1,Delhi Warehouse,Ok,,All Ok Usb Hdmi 21.08.25,,,,,,,,,,,,,,,,,,,,,
"LYD-32""-06",Technical,Appliance,Tv 32,2019,Llyod,L32H2M0QX,"32""",In,FG20X16080,1,Delhi Warehouse,Ok,,All Ok Usb Hdmi 21.08.25 (No remote),,,,,,,,,,,,,,,,,,,,,
"LYD-32""-07",Technical,Appliance,Tv 32,2019,Llyod,L32H2M0QX,"32""",In,FG20X15237,1,Delhi Warehouse,Ok,,All Ok but the screen is scratched,,,,,,,,,,,,,,,,,,,,,
"LYD-32""-08",Technical,Appliance,Tv 32,2019,Llyod,L32H2M0QX,"32""",In,FG20X14795,1,Delhi Warehouse,Ok,,All Ok Usb Hdmi 21.08.25 (No remote),,,,,,,,,,,,,,,,,,,,,
"LYD-32""-09",Technical,Appliance,Tv 32,2019,Llyod,L32H2M0QX,"32""",In,FG20X16081,1,Delhi Warehouse,Ok,,All Ok Usb Hdmi 21.08.25 (No remote),,,,,,,,,,,,,,,,,,,,,
"LYD-32""-10",Technical,Appliance,Tv 32,2019,Llyod,L32H2M0QX,"32""",In,FG20X16046,1,Delhi Warehouse,Ok,,All Ok Usb Hdmi 21.08.25,,,,,,,,,,,,,,,,,,,,,
"LYD-32""-11",Technical,Appliance,Tv 32,2019,Llyod,L32H2M0QX,"32""",In,FG20X16043,1,Delhi Warehouse,Ok,,All Ok Usb Hdmi 21.08.25 (No remote),,,,,,,,,,,,,,,,,,,,,
"LYD-32""-12",Technical,Appliance,Tv 32,2019,Llyod,L32H2M0QX,"32""",In,FG20X15194,1,Delhi Warehouse,Ok,,All Ok Usb Hdmi 21.08.25,,,,,,,,,,,,,,,,,,,,,
"LYD-32""-13",Technical,Appliance,Tv 32,2019,Llyod,L32H2M0QX,"32""",In,FG20X19451,1,Delhi Warehouse,Ok,,All Ok Usb Hdmi 21.08.25,,,,,,,,,,,,,,,,,,,,,
"LYD-32""-14",Technical,Appliance,Tv 32,2019,Llyod,L32H2M0QX,"32""",In,FG20X14794,1,Delhi Warehouse,Ok,,All Ok Usb Hdmi 21.08.25,,,,,,,,,,,,,,,,,,,,,
"LYD-32""-15",Technical,Appliance,Tv 32,2019,Llyod,L32H2M0QX,"32""",In,FG20X14781,1,Delhi Warehouse,Ok,,Damaged by artist Saf 24,,,,,,,,,,,,,,,,,,,,,
BQ-4K-01,Technical,Video,Projector 4k,2019,Benq,MH733,4k ,Lumens,PD9BK02323000,1,Delhi Warehouse,Ok,,Lamp-615 All Ok 29.8.25,,,,,,,,,,,,,,,,,,,,,
BQ-4K-02,Technical,Video,Projector 4k,2019,Benq,MH733,4k ,Lumens,PD9BK02324000,1,Delhi Warehouse,Ok,,Lamp-1163 All Ok 29.8.25,,,,,,,,,,,,,,,,,,,,,
BQ-4K-03,Technical,Video,Projector 4k,2019,Benq,MH733,4k ,Lumens,PD9DK02304000,1,Delhi Warehouse,Ok,,Lamp-1141 All Ok 29.8.25,,,,,,,,,,,,,,,,,,,,,
BQ-4K-04,Technical,Video,Projector 4k,2019,Benq,MH733,4k ,Lumens,PD9DK02326000,1,Delhi Warehouse,Ok,,Lamp-1070 All Ok 29.8.25,,,,,,,,,,,,,,,,,,,,,
BQ-4K-05,Technical,Video,Projector 4k,2019,Benq,MH733,4k ,Lumens,PD9DK02321000,1,Delhi Warehouse,Ok,,Lamp-1299 All Ok 29.8.25,,,,,,,,,,,,,,,,,,,,,
BQ-4K-06,Technical,Video,Projector 4k,2019,Benq,MH733,4k ,Lumens,PD9BK02325000,1,Delhi Warehouse,Ok,,Lamp-812 All Ok 29.8.25,,,,,,,,,,,,,,,,,,,,,
BQ-4K-07,Technical,Video,Projector 4k,2019,Benq,MH733,4k ,Lumens,PD9BK02327000,1,Delhi Warehouse,Ok,,Lamp-1263 All Ok 29.8.25,,,,,,,,,,,,,,,,,,,,,
BQ-4K-08,Technical,Video,Projector 4k,2019,Benq,MH733,4k ,Lumens,PD9DK02328000,1,Delhi Warehouse,Ok,,Lamp-741 All Ok 29.8.25,,,,,,,,,,,,,,,,,,,,,
BQ-4K-09,Technical,Video,Projector 4k,2019,Benq,MH733,4k ,Lumens,PD9BK02301000,1,Delhi Warehouse,Ok,,Lamp-2161 All Ok 29.8.25,,,,,,,,,,,,,,,,,,,,,
BQ-4K-10,Technical,Video,Projector 4k,2019,Benq,MH733,4k ,Lumens,PD9DK02319000,1,Delhi Warehouse,Ok,,Lamp-990 All Ok 29.8.25,,,,,,,,,,,,,,,,,,,,,
BQ-4K-11,Technical,Video,Projector 4k,2019,Benq,MH733,4k ,Lumens,PD9BK02302000,1,Delhi Warehouse,Not Ok,,Lamp-10 All Ok 29.8.25,,,,,,,,,,,,,,,,,,,,,
BQ-4K-12,Technical,Video,Projector 4k,2019,Benq,MH733,4k ,Lumens,PD9DK02329000,1,Delhi Warehouse,Ok,,Lamp-1249 All Ok 29.8.25,,,,,,,,,,,,,,,,,,,,,
BQ-3K-01,Technical,Video,Projector 3k,2019,Benq,MH550,3k ,Lumens,PDF9K01253000,1,Delhi Warehouse,Ok,,Lamp - 124 All Ok - 27.8.25,,,,,,,,,,,,,,,,,,,,,
BQ-3K-02,Technical,Video,Projector 3k,2019,Benq,MH550,3k ,Lumens,PDF9K01254000,1,Delhi Warehouse,Ok,,Lamp - 117 All Ok - 27.8.25,,,,,,,,,,,,,,,,,,,,,
BQ-3K-03,Technical,Video,Projector 3k,2019,Benq,MH550,3k ,Lumens,PDF9K01278000,1,Delhi Warehouse,Ok,,Lamp - 135 All Ok - 27.8.25,,,,,,,,,,,,,,,,,,,,,
BQ-3K-04,Technical,Video,Projector 3k,2019,Benq,MH550,3k ,Lumens,PD28K02731000,1,Delhi Warehouse,Ok,,Lamp - 417 All Ok - 27.8.25,,,,,,,,,,,,,,,,,,,,,
BQ-3K-05,Technical,Video,Projector 3k,2019,Benq,MH550,3k ,Lumens,PDF9K01359000,1,Delhi Warehouse,Not Ok,,Lamp - 4 All Ok - 27.8.25,,,,,,,,,,,,,,,,,,,,,
BQ-3K-06,Technical,Video,Projector 3k,2019,Benq,MH550,3k ,Lumens,PDF9K01256000,1,Delhi Warehouse,Ok,,Lamp - 422 All Ok - 27.8.25,,,,,,,,,,,,,,,,,,,,,
BQ-3K-07,Technical,Video,Projector 3k,2019,Benq,MH550,3k ,Lumens,PDF9K01288000,1,Delhi Warehouse,Ok,,Lamp - 183 All Ok - 27.8.25,,,,,,,,,,,,,,,,,,,,,
BQ-3K-08,Technical,Video,Projector 3k,2019,Benq,MH550,3k ,Lumens,PDF9K01249000,1,Delhi Warehouse,Ok,,Lamp - 334 All Ok - 27.8.25,,,,,,,,,,,,,,,,,,,,,
BQ-3K-09,Technical,Video,Projector 3k,2019,Benq,MH550,3k ,Lumens,PDF9K01246000,1,Delhi Warehouse,Ok,,Lamp - 257 All Ok - 27.8.25,,,,,,,,,,,,,,,,,,,,,
BQ-3K-10,Technical,Video,Projector 3k,2019,Benq,MH550,3k ,Lumens,PDF9K01247000,1,Delhi Warehouse,Ok,,Lamp - 225 All Ok - 27.8.25,,,,,,,,,,,,,,,,,,,,,
BQ-3K-11,Technical,Video,Projector 3k,2019,Benq,MH550,3k ,Lumens,PDF9k01285000,1,Delhi Warehouse,Ok,,Lamp - 72 All Ok - 27.8.25,,,,,,,,,,,,,,,,,,,,,
BQ-3K-12,Technical,Video,Projector 3k,2019,Benq,MH550,3k ,Lumens,PDF9K01260000,1,Delhi Warehouse,Ok,,Lamp - 137 All Ok - 27.8.25,,,,,,,,,,,,,,,,,,,,,
BQ-3K-13,Technical,Video,Projector 3k,2019,Benq,MH550,3k ,Lumens,PD27K01083000,1,Delhi Warehouse,Ok,,Lamp - 294 All Ok - 27.8.25,,,,,,,,,,,,,,,,,,,,,
BQ-3K-14,Technical,Video,Projector 3k,2019,Benq,MH550,3k ,Lumens,PDF9K01267000,1,Delhi Warehouse,Ok,,Lamp - 130 All Ok - 27.8.25,,,,,,,,,,,,,,,,,,,,,
BQ-3K-15,Technical,Video,Projector 3k,2019,Benq,MH550,3k ,Lumens,PDF0K01264000,1,Delhi Warehouse,Ok,,Lamp - 252 All Ok - 27.8.25,,,,,,,,,,,,,,,,,,,,,
BQ-3K-16,Technical,Video,Projector 3k,2019,Benq,MH550,3k ,Lumens,PDF9K01277000,1,Delhi Warehouse,Ok,,Lamp - 171 All Ok - 27.8.25,,,,,,,,,,,,,,,,,,,,,
BQ-3K-17,Technical,Video,Projector 3k,2019,Benq,MH550,3k ,Lumens,PDF9K01279000,1,Delhi Warehouse,Ok,,Lamp - 356 All Ok - 27.8.25,,,,,,,,,,,,,,,,,,,,,
BQ-3K-18,Technical,Video,Projector 3k,2019,Benq,MH550,3k ,Lumens,PD28K02796000,1,Delhi Warehouse,Not Ok,,Lamp - 373 All Ok - 27.8.25,,,,,,,,,,,,,,,,,,,,,
BQ-3K-19,Technical,Video,Projector 3k,2019,Benq,MH550,3k ,Lumens,PDF9K01262000,1,Delhi Warehouse,Ok,,Lamp - 343 All Ok - 27.8.25,,,,,,,,,,,,,,,,,,,,,
BQ-3K-20,Technical,Video,Projector 3k,2019,Benq,MH550,3k ,Lumens,PDF9K01273000,1,Delhi Warehouse,Ok,,Lamp - 295 All Ok - 27.8.25,,,,,,,,,,,,,,,,,,,,,
BQ-3K-21,Technical,Video,Projector 3k,2019,Benq,MH550,3k ,Lumens,PDF9K01251000,1,Delhi Warehouse,Ok,,Lamp - 318 All Ok - 27.8.25,,,,,,,,,,,,,,,,,,,,,
BQ-3K-22,Technical,Video,Projector 3k,2019,Benq,MH550,3k ,Lumens,PDF9K01276000,1,Delhi Warehouse,Ok,,Lamp - 331 All Ok - 27.8.25,,,,,,,,,,,,,,,,,,,,,
BQ-3K-23,Technical,Video,Projector 3k,2019,Benq,MH550,3k ,Lumens,PDF9K01286000,1,Delhi Warehouse,Ok,,Lamp - 438 All Ok - 27.8.25,,,,,,,,,,,,,,,,,,,,,
BQ-3K-24,Technical,Video,Projector 3k,2019,Benq,MH550,3k ,Lumens,PD28K02775000,1,Delhi Warehouse,Ok,,Lamp - 525 All Ok - 27.8.25,,,,,,,,,,,,,,,,,,,,,
BQ-3K-25,Technical,Video,Projector 3k,2019,Benq,MH550,3k ,Lumens,PD28K02774000,1,Delhi Warehouse,Ok,,Lamp - 234 All Ok - 27.8.25,,,,,,,,,,,,,,,,,,,,,
BQ-3K-26,Technical,Video,Projector 3k,2019,Benq,MH550,3k ,Lumens,PD28K02777000,1,Delhi Warehouse,Ok,,Lamp - 183 All Ok - 27.8.25,,,,,,,,,,,,,,,,,,,,,
BQ-3K-27,Technical,Video,Projector 3k,2019,Benq,MH550,3k ,Lumens,PDF9K01169000,1,Delhi Warehouse,Ok,,Lamp - 212 All Ok - 27.8.25,,,,,,,,,,,,,,,,,,,,,
BQ-3K-28,Technical,Video,Projector 3k,2019,Benq,MH550,3k ,Lumens,PD28K02734000,1,Delhi Warehouse,Ok,,Lamp - 386 All Ok - 27.8.25,,,,,,,,,,,,,,,,,,,,,
BQ-3K-29,Technical,Video,Projector 3k,2019,Benq,MH550,3k ,Lumens,PDF9K01257000,1,Delhi Warehouse,Ok,,Lamp - 268 All Ok - 27.8.25,,,,,,,,,,,,,,,,,,,,,
PN-5K-01,Technical,Video,Panasonic Projector 5k,2018,Panasonic,PT VZ - 580,5k ,Lumens,DC8440023,1,Delhi Warehouse,Ok,1.09:1 - 1.77:1,Lamp - 749 All Ok - 27.8.25 No Remote,,,,,,,,,,,,,,,,,,,,,
PN-5K-02,Technical,Video,Panasonic Projector 5k,2018,Panasonic,PT VZ - 580,5k ,Lumens,DC8440029,1,Delhi Warehouse,Ok,1.09:1 - 1.77:1,Lamp - 552 All Ok - 27.8.25 No Remote,,,,,,,,,,,,,,,,,,,,,
PN-5K-03,Technical,Video,Panasonic Projector 5k,2018,Panasonic,PT VZ - 580,5k ,Lumens,DC8550025,1,Delhi Warehouse,Ok,1.09:1 - 1.77:1,Lamp - 654 All Ok - 27.8.25,,,,,,,,,,,,,,,,,,,,,
PN-5K-04,Technical,Video,Panasonic Projector 5k,2018,Panasonic,PT VZ - 580,5k ,Lumens,DC8520029,1,Delhi Warehouse,Ok,1.09:1 - 1.77:1,Lamp - 499 All Ok - 27.8.25 No Remote,,,,,,,,,,,,,,,,,,,,,
PN-5K-05,Technical,Video,Panasonic Projector 5k,2018,Panasonic,PT VZ - 580,5k ,Lumens,DC8550027,1,Delhi Warehouse,Ok,1.09:1 - 1.77:1,Lamp - 897 All Ok - 27.8.25,,,,,,,,,,,,,,,,,,,,,
PN-5K-06,Technical,Video,Panasonic Projector 5k,2018,Panasonic,PT VZ - 580,5k ,Lumens,DC8550026,1,Delhi Warehouse,Ok,1.09:1 - 1.77:1,Lamp - 677 All Ok - 27.8.25,,,,,,,,,,,,,,,,,,,,,
PN-5K-07,Technical,Video,Panasonic Projector 5k,2018,Panasonic,PT VZ - 580,5k ,Lumens,DC8550029,1,Delhi Warehouse,Ok,1.09:1 - 1.77:1,All Ok Lamp - 487 27.8.25,,,,,,,,,,,,,,,,,,,,,
PN-5K-08,Technical,Video,Panasonic Projector 5k,2018,Panasonic,PT VZ - 580,5k ,Lumens,DC8440072,1,Delhi Warehouse,Ok,1.09:1 - 1.77:1,Lamp - 992 All Ok - 27.8.25,,,,,,,,,,,,,,,,,,,,,
PN-5K-09,Technical,Video,Panasonic Projector 5k,2018,Panasonic,PT VZ - 580,5k ,Lumens,DC8520037,1,Delhi Warehouse,Ok,1.09:1 - 1.77:1,Lamp - 529 All Ok - 27.8.25,,,,,,,,,,,,,,,,,,,,,
PN-5K-10,Technical,Video,Panasonic Projector 5k,2018,Panasonic,PT VZ - 580,5k ,Lumens,DC8550023,1,Delhi Warehouse,Ok,1.09:1 - 1.77:1,Lamp - 465 All Ok - 27.8.25,,,,,,,,,,,,,,,,,,,,,
PN-5K-11,Technical,Video,Panasonic Projector 5k,2018,Panasonic,PT VZ - 580,5k ,Lumens,DC8550003,1,Delhi Warehouse,Ok,1.09:1 - 1.77:1,Lamp - 750 All Ok - 27.8.25,,,,,,,,,,,,,,,,,,,,,
PN-5K-12,Technical,Video,Panasonic Projector 5k,2018,Panasonic,PT VZ - 580,5k ,Lumens,DC8550024,1,Delhi Warehouse,Ok,1.09:1 - 1.77:1,Lamp - 537 All Ok - 27.8.25,,,,,,,,,,,,,,,,,,,,,
CH-5K-01,Technical,Video,Christie Projector 5k,2018,Christie,LWU502,5k ,Lumens,F7L31W03967,1,Delhi Warehouse,Ok,1.58:1 - 2.06:1,Lamp - 51 All Ok - 29.8.25,,,,,,,,,,,,,,,,,,,,,
CH-5K-02,Technical,Video,Christie Projector 5k,2018,Christie,LWU502,5k ,Lumens,F7L31W04010,1,Delhi Warehouse,Ok,1.58:1 - 2.06:1,Lamp - 380 3d Effect type - 29.8.25,Prisome will change ,,,,,,,,,,,,,,,,,,,,
CH-5K-03,Technical,Video,Christie Projector 5k,2018,Christie,LWU502,5k ,Lumens,F8B31W04332,1,Delhi Warehouse,Ok,1.58:1 - 2.06:1,Lamp - 405 3d Effect type - 29.8.25,,,,,,,,,,,,,,,,,,,,,
CH-5K-04,Technical,Video,Christie Projector 5k,2018,Christie,LWU502,5k ,Lumens,F8A31W04017,1,Delhi Warehouse,Ok,1.58:1 - 2.06:1,Lamp -398 All Ok - 29.8.25,,,,,,,,,,,,,,,,,,,,,
CH-5K-05,Technical,Video,Christie Projector 5k,2018,Christie,LWU502,5k ,Lumens,F7L31W04007,1,Delhi Warehouse,Ok,1.58:1 - 2.06:1,Lamp -266 All Ok - 29.8.25,,,,,,,,,,,,,,,,,,,,,
CH-5K-06,Technical,Video,Christie Projector 5k,2018,Christie,LWU502,5k ,Lumens,F7L31W03981,1,Delhi Warehouse,Ok,1.58:1 - 2.06:1,Lamp -228 All Ok - 29.8.25,,,,,,,,,,,,,,,,,,,,,
CH-5K-07,Technical,Video,Christie Projector 5k,2018,Christie,LWU502,5k ,Lumens,F8A31W04014,1,Delhi Warehouse,Ok,1.58:1 - 2.06:1,"Lamp -289 All Ok - 29.8.25 , Yellow Line ",,,,,,,,,,,,,,,,,,,,,
CH-5K-08,Technical,Video,Christie Projector 5k,2018,Christie,LWU502,5k ,Lumens,F7L31W04008,1,Delhi Warehouse,Ok,1.58:1 - 2.06:1,Lamp -233 All Ok - 29.8.25,,,,,,,,,,,,,,,,,,,,,
UN-1.8K-01,Technical,Video,Projector 1.8k,2019,Unic,UC46,1.8k ,Lumens,Na,1,Delhi Warehouse,Ok,,Ok,,,,,,,,,,,,,,,,,,,,,
UN-1.8K-02,Technical,Video,Projector 1.8k,2019,Unic,UC46,1.8k ,Lumens,Na,1,Delhi Warehouse,Ok,,Ok,,,,,,,,,,,,,,,,,,,,,
UN-1.8K-03,Technical,Video,Projector 1.8k,2019,Unic,UC46,1.8k ,Lumens,Na,1,Delhi Warehouse,Ok,,Ok,,,,,,,,,,,,,,,,,,,,,
UN-1.8K-04,Technical,Video,Projector 1.8k,2019,Unic,UC46,1.8k ,Lumens,Na,1,Delhi Warehouse,Ok,,Ok,,,,,,,,,,,,,,,,,,,,,
UN-1.8K-05,Technical,Video,Projector 1.8k,2019,Unic,UC46,1.8k ,Lumens,Na,1,Delhi Warehouse,Ok,,No Remote,,,,,,,,,,,,,,,,,,,,,
UN-1.8K-06,Technical,Video,Projector 1.8k,2019,Unic,UC46,1.8k ,Lumens,Na,1,Delhi Warehouse,Ok,,No Remote | No Power Cable,,,,,,,,,,,,,,,,,,,,,
EP-3.3k-01,Technical,Video,Projector 3.3k,2019,Epson,EB-530,3.3k,Lumens,VFSF890527L,1,Delhi Warehouse,Ok,0.55,Short Throw l Lamp - 444 All Ok 27.8.25,,,,,,,,,,,,,,,,,,,,,
EP-3.3k-02,Technical,Video,Projector 3.3k,2019,Epson,EB-535w,3.3k,Lumens,VF8F640003L,1,Delhi Warehouse,Ok,0.48,Short Throw l Lamp Hrs 583 All Ok 27.8.25,,,,,,,,,,,,,,,,,,,,,
EP-3.3k-03,Technical,Video,Projector 3.3k,2019,Epson,EB-535w,3.3k,Lumens,VF8F6Y0008L,1,Delhi Warehouse,Ok,0.48,Short Throw l Lamp hrs - 435 All Ok 27.8.25,,,,,,,,,,,,,,,,,,,,,
EP-3.3k-04,Technical,Video,Projector 3.3k,2019,Epson,EB-530,3.3k,Lumens,VFSF890571L,1,Delhi Warehouse,Ok,0.55,Short Throw l Lamp hrs - 256 All Ok 27.8.25,,,,,,,,,,,,,,,,,,,,,
EP-3.3k-05,Technical,Video,Projector 3.3k,2019,Epson,EB-530,3.3k,Lumens,VF8F6Y0003L,1,Delhi Warehouse,Ok,0.48,Short Throw l Lamp hrs - 598 All Ok 27.8.25,,,,,,,,,,,,,,,,,,,,,
EP-3.3k-06,Technical,Video,Projector 3.3k,2019,Epson,EB-535w,3.3k,Lumens,VF8F640001L,1,Delhi Warehouse,Ok,0.55,Short Throw l Lamp hrs - 729 All Ok 27.8.25(No Remote),,,,,,,,,,,,,,,,,,,,,
EP-3.3k-07,Technical,Video,Projector 3.3k,2019,Epson,EB-535w,3.3k,Lumens,VF8F6Y0004L,1,Delhi Warehouse,Ok,0.48,Short Throw l Lamp hrs - 640 All Ok 27.8.25,,,,,,,,,,,,,,,,,,,,,
ML-01,Technical,Video,Mini Projector,2019,Local,Na,Na,Na,Na,1,Delhi Warehouse,Ok,,Ok,,,,,,,,,,,,,,,,,,,,,
ML-02,Technical,Video,Mini Projector,2019,Local,Na,Na,Na,Na,1,Delhi Warehouse,Ok,,No Remote,,,,,,,,,,,,,,,,,,,,,
"LYD-24""-01",Technical,Appliance,Tv 24,2019,Llyod,L24F1R0GX,24'',In,DXHHG20606006,1,Delhi Warehouse,Ok,,All Ok Usb Hdmi 21.8.25 ,,,,,,,,,,,,,,,,,,,,,
"LYD-24""-02",Technical,Appliance,Tv 24,2019,Llyod,L24F1R0GX,24'',In,DXHHG20606228,1,Delhi Warehouse,Ok,,All Ok Usb Hdmi 21.8.25 ,,,,,,,,,,,,,,,,,,,,,
"LYD-24""-03",Technical,Appliance,Tv 24,2019,Llyod,L24F1R0GX,24'',In,DXHHG20606254,1,Delhi Warehouse,Ok,,All Ok Usb Hdmi 21.8.25 No Remote,,,,,,,,,,,,,,,,,,,,,
"LYD-24""-04",Technical,Appliance,Tv 24,2019,Llyod,L24F1R0GX,24'',In,DXHHG20606219,1,Delhi Warehouse,Ok,,All Ok Usb Hdmi 21.8.25 ,,,,,,,,,,,,,,,,,,,,,
"LYD-24""-05",Technical,Appliance,Tv 24,2019,Llyod,L24F1R0GX,24'',In,DXHHG20606223,1,Delhi Warehouse,Ok,,All Ok Usb Hdmi 21.8.25 ,,,,,,,,,,,,,,,,,,,,,
"LYD-24""-06",Technical,Appliance,Tv 24,2019,Llyod,L24F1R0GX,24'',In,DXHHG20606049,1,Delhi Warehouse,Ok,,Damaged 21.8.25,,,,,,,,,,,,,,,,,,,,,
"LYD-24""-07",Technical,Appliance,Tv 24,2019,Llyod,L24F1R0GX,24'',In,DXHHG20603659,1,Delhi Warehouse,Ok,,All Ok Usb Hdmi 21.8.25 ,,,,,,,,,,,,,,,,,,,,,
"LYD-24""-08",Technical,Appliance,Tv 24,2019,Llyod,L24F1R0GX,24'',In,DXHHG20606819,1,Delhi Warehouse,Ok,,All Ok Usb Hdmi 21.8.25 ,,,,,,,,,,,,,,,,,,,,,
"LYD-24""-09",Technical,Appliance,Tv 24,2019,Llyod,L24F1R0GX,24'',In,DXHHG20606275,1,Delhi Warehouse,Ok,,All Ok Usb Hdmi 21.8.25 No Remote,,,,,,,,,,,,,,,,,,,,,
"LYD-24""-10",Technical,Appliance,Tv 24,2019,Llyod,L24F1R0GX,24'',In,DXHHG20603545,1,Delhi Warehouse,Ok,,All Ok Usb Hdmi 21.8.25 No Remote,,,,,,,,,,,,,,,,,,,,,
"SN-24""-01",Technical,Appliance,Tv Sony,2017,Sony,KLV-24P413D,24'',In,9523933,1,Delhi Warehouse,Ok,,All Ok Usb Hdmi 21.08.25,,,,,,,,,,,,,,,,,,,,,
"SN-24""-02",Technical,Appliance,Tv Sony,2017,Sony,KLV-24P413D,24'',In,9638394,1,Delhi Warehouse,Ok,,All Ok Usb Hdmi 21.08.25,,,,,,,,,,,,,,,,,,,,,
"AD-15""-01",Technical,Appliance,Tv 15,2017,Adcom,LED1512,"15""",In,Na,1,Delhi Warehouse,Ok,,All Ok Usb Hdmi 21.8.25,,,,,,,,,,,,,,,,,,,,,
"AD-15""-02",Technical,Appliance,Tv 15,2017,Adcom,LED1512,"15""",In,Na,1,Delhi Warehouse,Ok,,All Ok Usb Hdmi 21.8.25,,,,,,,,,,,,,,,,,,,,,
"AD-15""-03",Technical,Appliance,Tv 15,2017,Adcom,LED1512,"15""",In,Na,1,Delhi Warehouse,Not Ok,,Screen Damaged 21.8.25,,,,,,,,,,,,,,,,,,,,,
"AD-15""-04",Technical,Appliance,Tv 15,2017,Adcom,LED1512,"15""",In,Na,1,Delhi Warehouse,Ok,,All Ok Usb Hdmi 21.8.25,,,,,,,,,,,,,,,,,,,,,
"AD-15""-05",Technical,Appliance,Tv 15,2017,Adcom,LED1512,"15""",In,Na,1,Delhi Warehouse,Not Ok,,Screen Damaged 21.8.25,,,,,,,,,,,,,,,,,,,,,
"AD-15""-06",Technical,Appliance,Tv 15,2017,Adcom,LED1512,"15""",In,Na,1,Delhi Warehouse,Not Ok,,Screen Damaged 21.8.25,,,,,,,,,,,,,,,,,,,,,
"AD-15""-07",Technical,Appliance,Tv 15,2017,Adcom,LED1512,"15""",In,Na,1,Delhi Warehouse,Ok,,All Ok Usb Hdmi 21.8.25,,,,,,,,,,,,,,,,,,,,,
"AD-15""-08",Technical,Appliance,Tv 15,2017,Adcom,LED1512,"15""",In,Na,1,Delhi Warehouse,Ok,,All Ok Usb Hdmi 21.8.25,,,,,,,,,,,,,,,,,,,,,
"AD-15""-09",Technical,Appliance,Tv 15,2017,Adcom,LED1512,"15""",In,Na,1,Delhi Warehouse,Not Ok,,Screen Damaged 21.8.25,,,,,,,,,,,,,,,,,,,,,
"AD-15""-10",Technical,Appliance,Tv 15,2017,Adcom,LED1512,"15""",In,Na,1,Delhi Warehouse,Ok,,All Ok Usb Hdmi 21.8.25,,,,,,,,,,,,,,,,,,,,,
"AD-15""-11",Technical,Appliance,Tv 15,2017,Adcom,LED1512,"15""",In,Na,1,Delhi Warehouse,Ok,,Screen Damaged 21.8.25,,,,,,,,,,,,,,,,,,,,,
"AD-15""-12",Technical,Appliance,Tv 15,2017,Adcom,LED1512,"15""",In,Na,1,Delhi Warehouse,Ok,,All Ok Usb Hdmi 21.8.25,,,,,,,,,,,,,,,,,,,,,
"AD-15""-13",Technical,Appliance,Tv 15,2017,Adcom,LED1512,"15""",In,Na,1,Delhi Warehouse,Ok,,Screen Damaged 21.8.25,,,,,,,,,,,,,,,,,,,,,
"LG-22""-01",Technical,Appliance,Tv 22,Na,LG,22MN48,"22""",In,803PMYH037546,1,Delhi Warehouse,Ok,,All Ok Usb Hdmi 21.8.25 ,,,,,,,,,,,,,,,,,,,,,
"LG-22""-02",Technical,Appliance,Tv 22,Na,LG,22MN48,"22""",In,803PMWU037561,1,Delhi Warehouse,Ok,,All Ok Usb Hdmi 21.8.25 ,,,,,,,,,,,,,,,,,,,,,
"LG-22""-03",Technical,Appliance,Tv 22,Na,LG,22MN48,"22""",In,803PMQG037692,1,Delhi Warehouse,Not Ok,,Power port on the tv is not working properly,,,,,,,,,,,,,,,,,,,,,
"LG-22""-04",Technical,Appliance,Tv 22,Na,LG,22MN48,"22""",In,803PMCD037571,1,Delhi Warehouse,Not Ok,,Power port on the tv is damaged  ,,,,,,,,,,,,,,,,,,,,,
"LG-22""-05",Technical,Appliance,Tv 22,Na,LG,22MN48,"22""",In,803PMLK037552,1,Delhi Warehouse,Ok,,All Ok Usb Hdmi 21.8.25,,,,,,,,,,,,,,,,,,,,,
"LG-22""-06",Technical,Appliance,Tv 22,Na,LG,22MN48,"22""",In,803PMXY037561,1,Delhi Warehouse,Ok,,All Ok Usb Hdmi 21.8.25,,,,,,,,,,,,,,,,,,,,,
"LYD-55""-01",Technical,Appliance,Tv 55,2019,Llyod,L55U1XIV,"55""",In,HSHEG20D00502,1,Delhi Warehouse,Ok,,Ok,,,,,,,,,,,,,,,,,,,,,
"LYD-55""-02",Technical,Appliance,Tv 55,2019,Llyod,L55U1XIV,"55""",In,HSHEG20D00833,1,Delhi Warehouse,Ok,,All Ok Usb Hdmi Screen 13.8.25,,,,,,,,,,,,,,,,,,,,,
"LYD-55""-03",Technical,Appliance,Tv 55,2019,Llyod,L55U1XIV,"55""",In,HSHHG20D00240,1,Delhi Warehouse,Ok,,All Ok Usb Hdmi Screen 13.8.25,,,,,,,,,,,,,,,,,,,,,
"LYD-55""-04",Technical,Appliance,Tv 55,2019,Llyod,L55U1XIV,"55""",In,HSHEG20D00678,1,Delhi Warehouse,Ok,,All Ok Usb Hdmi Screen 13.8.25,,,,,,,,,,,,,,,,,,,,,
"LYD-55""-05",Technical,Appliance,Tv 55,2019,Llyod,L55U1XIV,"55""",In,HSHEG20D00507,1,Delhi Warehouse,Ok,,All Ok Usb Hdmi Screen 13.8.25,,,,,,,,,,,,,,,,,,,,,
"LYD-55""-06",Technical,Appliance,Tv 55,2019,Llyod,L55U1XIV,"55""",In,HSHEG20D00971,1,Delhi Warehouse,Ok,,All Ok Usb Hdmi Screen 13.8.25,,,,,,,,,,,,,,,,,,,,,
"LYD-55""-07",Technical,Appliance,Tv 55,2019,Llyod,L55U1XIV,"55""",In,HSHHG20D00454,1,Delhi Warehouse,Ok,,Ok,,,,,,,,,,,,,,,,,,,,,
"LYD-55""-08",Technical,Appliance,Tv 55,2019,Llyod,L55U1XIV,"55""",In,HSHEG20D00975,1,Delhi Warehouse,Ok,,Ok,,,,,,,,,,,,,,,,,,,,,
"LYD-55""-09",Technical,Appliance,Tv 55,2019,Llyod,L55U1XIV,"55""",In,HSHEG20D00620,1,Delhi Warehouse,Not Ok,,All Ok Usb Hdmi  (One scracth line in Screen) 13.8.25,,,,,,,,,,,,,,,,,,,,,
"LYD-55""-10",Technical,Appliance,Tv 55,2019,Llyod,L55U1XIV,"55""",In,HSHHG20D00242,1,Delhi Warehouse,Ok,,All Ok Usb Hdmi Screen 13.8.25,,,,,,,,,,,,,,,,,,,,,
"LYD-55""-11",Technical,Appliance,Tv 55,2019,Llyod,L55U1XIV,"55""",In,HSHHG20D00209,1,Delhi Warehouse,Ok,,All Ok Usb Hdmi Screen 13.8.25,,,,,,,,,,,,,,,,,,,,,
"LYD-55""-12",Technical,Appliance,Tv 55,2019,Llyod,L55U1XIV,"55""",In,HSHEG20D00823,1,Delhi Warehouse,Ok,,All Ok Usb Hdmi Screen 13.8.25(No Remote),,,,,,,,,,,,,,,,,,,,,
"LYD-55""-13",Technical,Appliance,Tv 55,2019,Llyod,L55U1XIV,"55""",In,HSHEG20D00910,1,Delhi Warehouse,Ok,,Not Ok(Kabhi chlta hai khabhi nhi )13.8.25,,,,,,,,,,,,,,,,,,,,,
"LYD-55""-14",Technical,Appliance,Tv 55,2019,Llyod,L55U1XIV,"55""",In,HSHHG20D00412,1,Delhi Warehouse,Ok,,All Ok Usb Hdmi Screen 13.8.25,,,,,,,,,,,,,,,,,,,,,
"LYD-55""-15",Technical,Appliance,Tv 55,2019,Llyod,L55U1XIV,"55""",In,HSHHG20D00416,1,Delhi Warehouse,Ok,,Installed,,,,,,,,,,,,,,,,,,,,,
"LYD-55""-16",Technical,Appliance,Tv 55,2019,Llyod,L55U1XIV,"55""",In,HSHHG20D00453,1,Delhi Warehouse,Ok,,All Ok Usb Hdmi Screen 13.8.25,,,,,,,,,,,,,,,,,,,,,
"LYD-55""-17",Technical,Appliance,Tv 55,2019,Llyod,L55U1XIV,"55""",In,HSHNG20D00483,1,Delhi Warehouse,Ok,,All Ok Usb Hdmi Screen 13.8.25,,,,,,,,,,,,,,,,,,,,,
"LYD-55""-18",Technical,Appliance,Tv 55,2019,Llyod,L55U1XIV,"55""",In,HSHEG20D00541,1,Delhi Warehouse,Ok,,All Ok Usb Hdmi Screen 13.8.25(No Remote),,,,,,,,,,,,,,,,,,,,,
"LYD-55""-19",Technical,Appliance,Tv 55,2019,Llyod,L55U1XIV,"55""",In,HSHHG20D00413,1,Delhi Warehouse,Ok,,All Ok Usb Hdmi Screen 13.8.25,,,,,,,,,,,,,,,,,,,,,
"LYD-55""-20",Technical,Appliance,Tv 55,2019,Llyod,L55U1XIV,"55""",In,HSHHG20D00458,1,Delhi Warehouse,Not Ok,,Screen Damage,,,,,,,,,,,,,,,,,,,,,
"MI-32""-01",Technical,Appliance,Tv Mi 32,2018,MI,NA,"32""",In,19285/480082458,1,Delhi Warehouse,Ok,,All Ok Usb Hdmi 22.8.25,,,,,,,,,,,,,,,,,,,,,
"MI-32""-02",Technical,Appliance,Tv Mi 32,2018,MI,NA,"32""",In,19285/480082456,1,Delhi Warehouse,Ok,,All Ok Usb Hdmi 22.8.25,,,,,,,,,,,,,,,,,,,,,
"MI-32""-03",Technical,Appliance,Tv Mi 32,2018,MI,NA,"32""",In,19285/480082453,1,Delhi Warehouse,Ok,,All Ok Usb Hdmi 22.8.25,,,,,,,,,,,,,,,,,,,,,
"MI-32""-04",Technical,Appliance,Tv Mi 32,2018,MI,NA,"32""",In,19285/480082305,1,Delhi Warehouse,Ok,,All Ok Usb Hdmi 22.8.25,,,,,,,,,,,,,,,,,,,,,
"MI-32""-05",Technical,Appliance,Tv Mi 32,2018,MI,NA,"32""",In,19285/480082457,1,Delhi Warehouse,Ok,,All Ok Usb Hdmi 22.8.25,,,,,,,,,,,,,,,,,,,,,
"MI-32""-06",Technical,Appliance,Tv Mi 32,2018,MI,NA,"32""",In,19285/480082460,1,Delhi Warehouse,Ok,,All Ok Usb Hdmi 22.8.25,,,,,,,,,,,,,,,,,,,,,
"MI-32""-07",Technical,Appliance,Tv Mi 32,2018,MI,NA,"32""",In,19285/480082449,1,Delhi Warehouse,Ok,,Screen flicker 22.8.25 ,,,,,,,,,,,,,,,,,,,,,
"MI-32""-08",Technical,Appliance,Tv Mi 32,2018,MI,NA,"32""",In,19285/480082455,1,Delhi Warehouse,Ok,,All Ok Usb Hdmi 22.8.25,,,,,,,,,,,,,,,,,,,,,
"MI-32""-09",Technical,Appliance,Tv Mi 32,2018,MI,NA,"32""",In,19285/480082452,1,Delhi Warehouse,Ok,,All Ok Usb Hdmi 22.8.25,,,,,,,,,,,,,,,,,,,,,
"MI-32""-10",Technical,Appliance,Tv Mi 32,2018,MI,NA,"32""",In,19285/480082454,1,Delhi Warehouse,Ok,,All Ok Usb Hdmi 22.8.25,,,,,,,,,,,,,,,,,,,,,
"MI-32""-11",Technical,Appliance,Tv Mi 32,2018,MI,NA,"32""",In,19285/480082119,1,Delhi Warehouse,Ok,,All Ok Usb Hdmi 22.8.25,,,,,,,,,,,,,,,,,,,,,
"MI-32""-12",Technical,Appliance,Tv Mi 32,2018,MI,NA,"32""",In,19285/480029523,1,Delhi Warehouse,Ok,,All Ok Usb Hdmi 22.8.25,,,,,,,,,,,,,,,,,,,,,
"MI-55""-01 ",Technical,Appliance,Tv Mi 55,2018,MI,LED L55M5-AN,"55""",In,19341/101300024508,1,Delhi Warehouse,Ok,,All Ok Usb Hdmi 22.8.25,,,,,,,,,,,,,,,,,,,,,
"MI-55""-02 ",Technical,Appliance,Tv Mi 55,2018,MI,LED L55M5-AN,"55""",In,19341/101300028918,1,Delhi Warehouse,Ok,,All Ok Usb Hdmi 22.8.25,,,,,,,,,,,,,,,,,,,,,
"MI-55""-03 ",Technical,Appliance,Tv Mi 55,2018,MI,LED L55M5-AN,"55""",In,19341/101300028296,1,Delhi Warehouse,Not Ok,,Damaged,,,,,,,,,,,,,,,,,,,,,
"MI-55""-04",Technical,Appliance,Tv Mi 55,2018,MI,LED L55M5-AN,"55""",In,1934/102300030275,1,Delhi Warehouse,Ok,,All Ok Usb Hdmi 22.8.25,,,,,,,,,,,,,,,,,,,,,
"MI-55""-05",Technical,Appliance,Tv Mi 55,2018,MI,LED L55M5-AN,"55""",In,19341/102300036520,1,Delhi Warehouse,Ok,,All Ok Usb Hdmi 22.8.25,,,,,,,,,,,,,,,,,,,,,
"MI-55""-06",Technical,Appliance,Tv Mi 55,2018,MI,LED L55M5-AN,"55""",In,19341/101300027740,1,Delhi Warehouse,Ok,,All Ok Usb Hdmi 22.8.25,,,,,,,,,,,,,,,,,,,,,
CRT-01,Technical,Appliance,CRT tv 21,2019,Local,Na,"21""",In,Na,1,Delhi Warehouse,Ok,,No remote,,,,,,,,,,,,,,,,,,,,,
CRT-03,Technical,Appliance,CRT tv 21,2019,Local,NA,"21""",In,Na,1,Delhi Warehouse,Ok,,No remote,,,,,,,,,,,,,,,,,,,,,
CRT-04,Technical,Appliance,CRT tv 21,2019,Local,NA,"21""",In,Na,1,Delhi Warehouse,Ok,,No remote,,,,,,,,,,,,,,,,,,,,,
CRT-08,Technical,Appliance,CRT tv 21,2019,Local,NA,"21""",In,Na,1,Delhi Warehouse,Ok,,OK,,,,,,,,,,,,,,,,,,,,,
CRT-NEW-01,Technical,Appliance,CRT tv 17,2024,Local,NA,"15""",In,Na,1,Delhi Warehouse,Ok,,OK,,,,,,,,,,,,,,,,,,,,,
CRT-NEW-02,Technical,Appliance,CRT tv 17,2024,Local,NA,"15""",In,Na,1,Delhi Warehouse,Ok,,OK,,,,,,,,,,,,,,,,,,,,,
CRT-NEW-03,Technical,Appliance,CRT tv 17,2024,Local,NA,"15""",In,Na,1,Delhi Warehouse,Ok,,OK,,,,,,,,,,,,,,,,,,,,,
CRT-NEW-04,Technical,Appliance,CRT tv 17,2024,Local,NA,"15""",In,Na,1,Delhi Warehouse,Ok,,OK,,,,,,,,,,,,,,,,,,,,,
CRT-NEW-05,Technical,Appliance,CRT tv 17,2024,Local,NA,"15""",In,Na,1,Delhi Warehouse,Ok,,OK,,,,,,,,,,,,,,,,,,,,,
CRT-NEW-06,Technical,Appliance,CRT tv 17,2024,Local,NA,"15""",In,Na,1,Delhi Warehouse,Ok,,OK,,,,,,,,,,,,,,,,,,,,,
CRT-NEW-07,Technical,Appliance,CRT tv 17,2024,Local,NA,"15""",In,Na,1,Delhi Warehouse,Ok,,OK,,,,,,,,,,,,,,,,,,,,,
CRT-NEW-08,Technical,Appliance,CRT tv 17,2024,Local,NA,"15""",In,Na,1,Delhi Warehouse,Ok,,OK,,,,,,,,,,,,,,,,,,,,,
"LYD-75""-01",Technical,Appliance,Tv 75,2019,Llyod,L75U2H0KS,"75""",In,,1,Delhi Warehouse,Ok,,"All Ok Usb Hdmi 22.8.25 Joystic of the is broken,but tv working fine",,,,,,,,,,,,,,,,,,,,,
"LYD-75""-02",Technical,Appliance,Tv 75,2019,Llyod,L75U2H0KS,"75""",In,,1,Delhi Warehouse,Ok,,All Ok Usb Hdmi 22.8.25,,,,,,,,,,,,,,,,,,,,,
"LYD-75""-03",Technical,Appliance,Tv 75,2019,Llyod,L75U2H0KS,"75""",In,,1,Delhi Warehouse,Ok,,All Ok Usb Hdmi 22.8.25,,,,,,,,,,,,,,,,,,,,,
"LYD-75""-04",Technical,Appliance,Tv 75,2019,Llyod,L75U2H0KS,"75""",In,,1,Delhi Warehouse,Ok,,All Ok Usb Hdmi 22.8.25,,,,,,,,,,,,,,,,,,,,,
"LYD-65""-01",Technical,Appliance,Tv 65,2019,Llyod,L65U1Y0IV,"65""",In,,1,Delhi Warehouse,Ok,,Installed,,,,,,,,,,,,,,,,,,,,,
"LYD-65""-02",Technical,Appliance,Tv 65,2019,Llyod,L65U1Y0IV,"65""",In,,1,Delhi Warehouse,Ok,,Installed,,,,,,,,,,,,,,,,,,,,,
"LYD-65""-03",Technical,Appliance,Tv 65,2019,Llyod,L65U1Y0IV,"65""",In,,1,Delhi Warehouse,Ok,,All Ok Usb Hdmi 22.8.25,,,,,,,,,,,,,,,,,,,,,
"LYD-65""-04",Technical,Appliance,Tv 65,2019,Llyod,L65U1Y0IV,"65""",In,,1,Delhi Warehouse,Ok,,All Ok Usb Hdmi 22.8.25,,,,,,,,,,,,,,,,,,,,,
YMH-HS8-01,Technical,Sound,Studio Monitor Hs8,2022,Yamaha,HS8,Na,Na,INFBN01428,1,Delhi Warehouse,Ok,,All Ok Usb Hdmi 21.8.25,,,,,,,,,,,,,,,,,,,,,
YMH-HS8-02,Technical,Sound,Studio Monitor Hs8,2022,Yamaha,HS8,Na,Na,INFDN01191,1,Delhi Warehouse,Ok,,All Ok Usb Hdmi 21.8.25,,,,,,,,,,,,,,,,,,,,,
YMH-HS8-03,Technical,Sound,Studio Monitor Hs8,2023,Yamaha,HS8,Na,Na,INFDN01192,1,Delhi Warehouse,Ok,,All Ok Usb Hdmi 21.8.25,,,,,,,,,,,,,,,,,,,,,
YMH-HS8-04,Technical,Sound,Studio Monitor Hs8,2023,Yamaha,HS8,Na,Na,INFBY01093,1,Delhi Warehouse,Ok,,All Ok Usb Hdmi 21.8.25,,,,,,,,,,,,,,,,,,,,,
YMH-HS8-05,Technical,Sound,Studio Monitor Hs8,2023,Yamaha,HS8,Na,Na,INFDO01061,1,Delhi Warehouse,Ok,,All Ok Usb Hdmi 21.8.25,,,,,,,,,,,,,,,,,,,,,
YMH-HS8-06,Technical,Sound,Studio Monitor Hs8,2023,Yamaha,HS8,Na,Na,INFDN01186,1,Delhi Warehouse,Ok,,All Ok Usb Hdmi 21.8.25,,,,,,,,,,,,,,,,,,,,,
YMH-HS8-07,Technical,Sound,Studio Monitor Hs8,2023,Yamaha,HS8,Na,Na,INFDO01072,1,Delhi Warehouse,Ok,,All Ok Usb Hdmi 21.8.25,,,,,,,,,,,,,,,,,,,,,
YMH-HS8-08,Technical,Sound,Studio Monitor Hs8,2023,Yamaha,HS8,Na,Na,INFDN01189,1,Delhi Warehouse,Ok,,All Ok Usb Hdmi 21.8.25,,,,,,,,,,,,,,,,,,,,,
YMH-HS8-09,Technical,Sound,Studio Monitor Hs8,2024,Yamaha,HS8,Na,Na,INFEP01147,1,Delhi Warehouse,Ok,,All Ok Usb Hdmi 21.8.25,,,,,,,,,,,,,,,,,,,,,
YMH-HS8-10,Technical,Sound,Studio Monitor Hs8,2024,Yamaha,HS8,Na,Na,INFEP01116,1,Delhi Warehouse,Ok,,All Ok Usb Hdmi 21.8.25,,,,,,,,,,,,,,,,,,,,,
YMH-HS8-11,Technical,Sound,Studio Monitor Hs8,2024,Yamaha,HS8,Na,Na,INFBM01428,1,Delhi Warehouse,Ok,,All Ok Usb Hdmi 21.8.25,,,,,,,,,,,,,,,,,,,,,
YMH-HS8-12,Technical,Sound,Studio Monitor Hs8,2024,Yamaha,HS8,Na,Na,INFEP01075,1,Delhi Warehouse,Ok,,All Ok Usb Hdmi 21.8.25,,,,,,,,,,,,,,,,,,,,,
YMH-HS8-13,Technical,Sound,Studio Monitor Hs8,2024,Yamaha,HS8,Na,Na,INFEP01114,1,Delhi Warehouse,Ok,,All Ok Usb Hdmi 21.8.25,,,,,,,,,,,,,,,,,,,,,
YMH-HS8-14,Technical,Sound,Studio Monitor Hs8,2024,Yamaha,HS8,Na,Na,INFDO01072,1,Delhi Warehouse,Ok,,All Ok Usb Hdmi 21.8.25,,,,,,,,,,,,,,,,,,,,,
YMH-HS8-15,Technical,Sound,Studio Monitor Hs8,2024,Yamaha,HS8,Na,Na,INFEP01074,1,Delhi Warehouse,Ok,,All Ok Usb Hdmi 21.8.25,,,,,,,,,,,,,,,,,,,,,
YMH-HS8-16,Technical,Sound,Studio Monitor Hs8,2024,Yamaha,HS8,Na,Na,INFEP01084,1,Delhi Warehouse,Ok,,All Ok Usb Hdmi 21.8.25,,,,,,,,,,,,,,,,,,,,,
YMH-HS8-17,Technical,Sound,Studio Monitor Hs8,2024,Yamaha,HS8,Na,Na,INFEP01115,1,Delhi Warehouse,Ok,,All Ok Usb Hdmi 21.8.25,,,,,,,,,,,,,,,,,,,,,
YMH-HS8-18,Technical,Sound,Studio Monitor Hs8,2024,Yamaha,HS8,Na,Na,INFEP01155,1,Delhi Warehouse,Ok,,All Ok Usb Hdmi 21.8.25,,,,,,,,,,,,,,,,,,,,,
YMH-HS8-19,Technical,Sound,Studio Monitor Hs8,2024,Yamaha,HS8,Na,Na,INFEP01083,1,Delhi Warehouse,Ok,,All Ok Usb Hdmi 21.8.25,,,,,,,,,,,,,,,,,,,,,
YMH-HS8-20,Technical,Sound,Studio Monitor Hs8,2024,Yamaha,HS8,Na,Na,INFEP01080,1,Delhi Warehouse,Ok,,All Ok Usb Hdmi 21.8.25,,,,,,,,,,,,,,,,,,,,,
YMH-HS8-21,Technical,Sound,Studio Monitor Hs8,2024,Yamaha,HS8,Na,Na,INFEP01150,1,Delhi Warehouse,Ok,,All Ok Usb Hdmi 21.8.25,,,,,,,,,,,,,,,,,,,,,
YMH-HS8-22,Technical,Sound,Studio Monitor Hs8,2024,Yamaha,HS8,Na,Na,INFEP01109,1,Delhi Warehouse,Ok,,All Ok Usb Hdmi 21.8.25,,,,,,,,,,,,,,,,,,,,,
YMH-HS8-23,Technical,Sound,Studio Monitor Hs8,2024,Yamaha,HS8,Na,Na,INFEP01077,1,Delhi Warehouse,Ok,,All Ok Usb Hdmi 21.8.25,,,,,,,,,,,,,,,,,,,,,
YMH-HS8-24,Technical,Sound,Studio Monitor Hs8,2024,Yamaha,HS8,Na,Na,INFEP01112,1,Delhi Warehouse,Ok,,All Ok Usb Hdmi 21.8.25,,,,,,,,,,,,,,,,,,,,,
YMH-HS8-25,Technical,Sound,Studio Monitor Hs8,2024,Yamaha,HS8,Na,Na,INFEP01153,1,Delhi Warehouse,Ok,,All Ok Usb Hdmi 21.8.25,,,,,,,,,,,,,,,,,,,,,
YMH-HS8-26,Technical,Sound,Studio Monitor Hs8,2024,Yamaha,HS8,Na,Na,INFEP01111,1,Delhi Warehouse,Ok,,All Ok Usb Hdmi 21.8.25,,,,,,,,,,,,,,,,,,,,,
YMH-HS8-27,Technical,Sound,Studio Monitor Hs8,2024,Yamaha,HS8,Na,Na,INFEP01148,1,Delhi Warehouse,Ok,,All Ok Usb Hdmi 21.8.25,,,,,,,,,,,,,,,,,,,,,
YMH-HS8-28,Technical,Sound,Studio Monitor Hs8,2024,Yamaha,HS8,Na,Na,INFEP01079,1,Delhi Warehouse,Ok,,All Ok Usb Hdmi 21.8.25,,,,,,,,,,,,,,,,,,,,,
YMH-HS8-29,Technical,Sound,Studio Monitor Hs8,2024,Yamaha,HS8,Na,Na,INFEP01151,1,Delhi Warehouse,Ok,,All Ok Usb Hdmi 21.8.25,,,,,,,,,,,,,,,,,,,,,
YMH-HS8-30,Technical,Sound,Studio Monitor Hs8,2024,Yamaha,HS8,Na,Na,INFDN01189,1,Delhi Warehouse,Ok,,All Ok Usb Hdmi 21.8.25,,,,,,,,,,,,,,,,,,,,,
YMH-HS8-31,Technical,Sound,Studio Monitor Hs8,2024,Yamaha,HS8,Na,Na,INFEP01152,1,Delhi Warehouse,Ok,,All Ok Usb Hdmi 21.8.25,,,,,,,,,,,,,,,,,,,,,
YMH-HS8-32,Technical,Sound,Studio Monitor Hs8,2024,Yamaha,HS8,Na,Na,INFEP01082,1,Delhi Warehouse,Ok,,All Ok Usb Hdmi 21.8.25,,,,,,,,,,,,,,,,,,,,,
YMH-HS8-33,Technical,Sound,Studio Monitor Hs8,2024,Yamaha,HS8,Na,Na,INFBY01093,1,Delhi Warehouse,Ok,,All Ok Usb Hdmi 21.8.25,,,,,,,,,,,,,,,,,,,,,
YMH-HS8S-01,Technical,Sound,Sub-Woofer,2022,Yamaha,HS8S,Na,Na,EFXM01114,1,Delhi Warehouse,Ok,,All Ok Usb Hdmi 25.8.25,,,,,,,,,,,,,,,,,,,,,
YMH-HS8S-02,Technical,Sound,Sub-Woofer,2022,Yamaha,HS8S,Na,Na,EFXM01118,1,Delhi Warehouse,Ok,,All Ok Usb Hdmi 25.8.25,,,,,,,,,,,,,,,,,,,,,
YMH-HS8S-03,Technical,Sound,Sub-Woofer,2023,Yamaha,HS8S,Na,Na,INFDX01003,1,Delhi Warehouse,Ok,,All Ok Usb Hdmi 25.8.25,,,,,,,,,,,,,,,,,,,,,
YMH-HS8S-04,Technical,Sound,Sub-Woofer,2023,Yamaha,HS8S,Na,Na,INFDX01009,1,Delhi Warehouse,Ok,,All Ok Usb Hdmi 25.8.25,,,,,,,,,,,,,,,,,,,,,
YMH-HS8S-05,Technical,Sound,Sub-Woofer,2023,Yamaha,HS8S,Na,Na,INFDN01005,1,Delhi Warehouse,Ok,,All Ok Usb Hdmi 25.8.25,,,,,,,,,,,,,,,,,,,,,
YMH-HS8S-06,Technical,Sound,Sub-Woofer,2023,Yamaha,HS8S,Na,Na,INFDN01003,1,Delhi Warehouse,Ok,,All Ok Usb Hdmi 25.8.25,,,,,,,,,,,,,,,,,,,,,
YMH-HS8S-07,Technical,Sound,Sub-Woofer,2023,Yamaha,HS8S,Na,Na,INFDO01003,1,Delhi Warehouse,Ok,,All Ok Usb Hdmi 25.8.25,,,,,,,,,,,,,,,,,,,,,
YMH-HS8S-08,Technical,Sound,Sub-Woofer,2024,Yamaha,HS8S,Na,Na,INFEL01007,1,Delhi Warehouse,Ok,,All Ok Usb Hdmi 25.8.25,,,,,,,,,,,,,,,,,,,,,
YMH-HS8S-09,Technical,Sound,Sub-Woofer,2024,Yamaha,HS8S,Na,Na,INFEO01003,1,Delhi Warehouse,Ok,,All Ok Usb Hdmi 25.8.25,,,,,,,,,,,,,,,,,,,,,
YMH-HS8S-10,Technical,Sound,Sub-Woofer,2024,Yamaha,HS8S,Na,Na,INFCM01015,1,Delhi Warehouse,Ok,,All Ok Usb Hdmi 25.8.25,,,,,,,,,,,,,,,,,,,,,
YMH-HS8S-11,Technical,Sound,Sub-Woofer,2024,Yamaha,HS8S,Na,Na,INFEM01009,1,Delhi Warehouse,Ok,,All Ok Usb Hdmi 25.8.25,,,,,,,,,,,,,,,,,,,,,
YMH-HS5-01,Technical,Sound,Studio Monitor HS5,2019,Yamaha,HS5,Na,Na,EFYP02332,1,Delhi Warehouse,Ok,,All Ok Usb Hdmi 25.8.25,,,,,,,,,,,,,,,,,,,,,
YMH-HS5-02,Technical,Sound,Studio Monitor HS5,2019,Yamaha,HS5,Na,Na,EFYO01923,1,Delhi Warehouse,Ok,,All Ok Usb Hdmi 25.8.25,,,,,,,,,,,,,,,,,,,,,
YMH-HS5-03,Technical,Sound,Studio Monitor HS5,2019,Yamaha,HS5,Na,Na,EFYO01739,1,Delhi Warehouse,Ok,,All Ok Usb Hdmi 25.8.25,,,,,,,,,,,,,,,,,,,,,
YMH-HS5-04,Technical,Sound,Studio Monitor HS5,2019,Yamaha,HS5,Na,Na,EFYO01744,1,Delhi Warehouse,Ok,,All Ok Usb Hdmi 25.8.25,,,,,,,,,,,,,,,,,,,,,
YMH-HS5-05,Technical,Sound,Studio Monitor HS5,2019,Yamaha,HS5,Na,Na,INFDP01040,1,Delhi Warehouse,Ok,,All Ok Usb Hdmi 25.8.25,,,,,,,,,,,,,,,,,,,,,
YMH-HS5-06,Technical,Sound,Studio Monitor HS5,2019,Yamaha,HS5,Na,Na,INFCO01096,1,Delhi Warehouse,Ok,,All Ok Usb Hdmi 25.8.25,,,,,,,,,,,,,,,,,,,,,
YMH-HS5-07,Technical,Sound,Studio Monitor HS5,2019,Yamaha,HS5,Na,Na,EFYO01809,1,Delhi Warehouse,Ok,,All Ok Usb Hdmi 25.8.25,,,,,,,,,,,,,,,,,,,,,
YMH-HS5-08,Technical,Sound,Studio Monitor HS5,2019,Yamaha,HS5,Na,Na,EFYP02354,1,Delhi Warehouse,Ok,,All Ok Usb Hdmi 25.8.25,,,,,,,,,,,,,,,,,,,,,
YMH-HS5-09,Technical,Sound,Studio Monitor HS5,2019,Yamaha,HS5,Na,Na,INFCO0166,1,Delhi Warehouse,Ok,,All Ok Usb Hdmi 25.8.25,,,,,,,,,,,,,,,,,,,,,
YMH-HS5-10,Technical,Sound,Studio Monitor HS5,2019,Yamaha,HS5,Na,Na,EFYP03119,1,Delhi Warehouse,Ok,,All Ok Usb Hdmi 25.8.25,,,,,,,,,,,,,,,,,,,,,
YMH-HS5-11,Technical,Sound,Studio Monitor HS5,2019,Yamaha,HS5,Na,Na,INFDN01358,1,Delhi Warehouse,Ok,,All Ok Usb Hdmi 25.8.25,,,,,,,,,,,,,,,,,,,,,
YMH-HS5-12,Technical,Sound,Studio Monitor HS5,2019,Yamaha,HS5,Na,Na,EFYO01717,1,Delhi Warehouse,Ok,,All Ok Usb Hdmi 25.8.25,,,,,,,,,,,,,,,,,,,,,
YMH-HS5-13,Technical,Sound,Studio Monitor HS5,2019,Yamaha,HS5,Na,Na,INFCO01071,1,Delhi Warehouse,Ok,,All Ok Usb Hdmi 25.8.25,,,,,,,,,,,,,,,,,,,,,
YMH-HS5-14,Technical,Sound,Studio Monitor HS5,2019,Yamaha,HS5,Na,Na,EFYP02352,1,Delhi Warehouse,Ok,,All Ok Usb Hdmi 25.8.25,,,,,,,,,,,,,,,,,,,,,
YMH-HS5-15,Technical,Sound,Studio Monitor HS5,2019,Yamaha,HS5,Na,Na,INFDN01356,1,Delhi Warehouse,Ok,,All Ok Usb Hdmi 25.8.25,,,,,,,,,,,,,,,,,,,,,
YMH-HS5-16,Technical,Sound,Studio Monitor HS5,2019,Yamaha,HS5,Na,Na,EFYO01742,1,Delhi Warehouse,Ok,,All Ok Usb Hdmi 25.8.25,,,,,,,,,,,,,,,,,,,,,
YMH-HS5-17,Technical,Sound,Studio Monitor HS5,2019,Yamaha,HS5,Na,Na,EFYO01729,1,Delhi Warehouse,Ok,,All Ok Usb Hdmi 25.8.25,,,,,,,,,,,,,,,,,,,,,
YMH-HS5-18,Technical,Sound,Studio Monitor HS5,2019,Yamaha,HS5,Na,Na,INFDT01095,1,Delhi Warehouse,Ok,,All Ok Usb Hdmi 25.8.25,,,,,,,,,,,,,,,,,,,,,
YMH-HS5-19,Technical,Sound,Studio Monitor HS5,2022,Yamaha,HS5,Na,Na,EFYP02343,1,Delhi Warehouse,Ok,,All Ok Usb Hdmi 25.8.25,,,,,,,,,,,,,,,,,,,,,
YMH-HS5-20,Technical,Sound,Studio Monitor HS5,2022,Yamaha,HS5,Na,Na,EFYO01733,1,Delhi Warehouse,Ok,,All Ok Usb Hdmi 25.8.25,,,,,,,,,,,,,,,,,,,,,
YMH-HS5-21,Technical,Sound,Studio Monitor HS5,2022,Yamaha,HS5,Na,Na,EFYO01732,1,Delhi Warehouse,Ok,,All Ok Usb Hdmi 25.8.25,,,,,,,,,,,,,,,,,,,,,
YMH-HS5-22,Technical,Sound,Studio Monitor HS5,2022,Yamaha,HS5,Na,Na,INFCO01072,1,Delhi Warehouse,Ok,,All Ok Usb Hdmi 25.8.25,,,,,,,,,,,,,,,,,,,,,
YMH-HS5-23,Technical,Sound,Studio Monitor HS5,2023,Yamaha,HS5,Na,Na,EFYO01736,1,Delhi Warehouse,Ok,,All Ok Usb Hdmi 25.8.25,,,,,,,,,,,,,,,,,,,,,
YMH-HS5-24,Technical,Sound,Studio Monitor HS5,2023,Yamaha,HS5,Na,Na,EFYO01738,1,Delhi Warehouse,Ok,,All Ok Usb Hdmi 25.8.25,,,,,,,,,,,,,,,,,,,,,
TNV-01,Technical,Sound,Speaker Thonet And Vander,2019,Thonet And Vander,Vertrag BT,Na,Na,803163200813,1,Delhi Warehouse,Ok,,Ok 26.8.2025,,,,,,,,,,,,,,,,,,,,,
TNV-02,Technical,Sound,Speaker Thonet And Vander,2019,Thonet And Vander,Vertrag BT,Na,Na,803163200813,1,Delhi Warehouse,Ok,,Ok 26.8.2025,,,,,,,,,,,,,,,,,,,,,
TNV-03,Technical,Sound,Speaker Thonet And Vander,2019,Thonet And Vander,Vertrag BT,Na,Na,803163200812,1,Delhi Warehouse,Ok,,Ok 26.8.2025,,,,,,,,,,,,,,,,,,,,,
TNV-04,Technical,Sound,Speaker Thonet And Vander,2019,Thonet And Vander,Vertrag BT,Na,Na,803163200807,1,Delhi Warehouse,Ok,,Ok 26.8.2025,,,,,,,,,,,,,,,,,,,,,
TNV-05,Technical,Sound,Speaker Thonet And Vander,2019,Thonet And Vander,Vertrag BT,Na,Na,803163200804,1,Delhi Warehouse,Not Ok,,Jack Damage 26.8.2025,,,,,,,,,,,,,,,,,,,,,
INF-01,Technical,Sound,Speaker Infinity,2019,Infinity,INFHR210BLK,Na,Na,FD0044HJ0001062,1,Delhi Warehouse,Ok,,Sound issue  27.8.25,,,,,,,,,,,,,,,,,,,,,
INF-02,Technical,Sound,Speaker Infinity,2019,Infinity,INFHR210BLK,Na,Na,FD0044HJ0001322,1,Delhi Warehouse,Ok,,Ok 27.8.25,,,,,,,,,,,,,,,,,,,,,
INF-03,Technical,Sound,Speaker Infinity,2019,Infinity,INFHR210BLK,Na,Na,FD0044HJ0001205,1,Delhi Warehouse,Ok,,Ok 27.8.25,,,,,,,,,,,,,,,,,,,,,
JBL-01,Technical,Sound,Speaker JBL,2019,JBL,Control 2P,Na,Na,M-804033618-A,1,Delhi Warehouse,Ok,,No Sound/Not Working 26.8.2025,,,,,,,,,,,,,,,,,,,,,
JBL-02,Technical,Sound,Speaker JBL,2019,JBL,Control 2P,Na,Na,M-712033598-A,1,Delhi Warehouse,Not Ok,,No Sound/Not Working 26.8.2025,,,,,,,,,,,,,,,,,,,,,
JBL-03,Technical,Sound,Speaker JBL,2019,JBL,Control 2P,Na,Na,M-712033596-A,1,Delhi Warehouse,Ok,,Ok (Volum km arahi hai) 26.8.2025,,,,,,,,,,,,,,,,,,,,,
JBL-04,Technical,Sound,Speaker JBL,2019,JBL,Control 2P,Na,Na,M-804033617-A,1,Delhi Warehouse,Ok,,No Sound/Not Working 26.8.2025,,,,,,,,,,,,,,,,,,,,,
JBL-05,Technical,Sound,Speaker JBL,2019,JBL,Control 2P,Na,Na,M-103041225-A,1,Delhi Warehouse,Not Ok,,Ok 26.8.2025,,,,,,,,,,,,,,,,,,,,,
JBL-06,Technical,Sound,Speaker JBL,2019,JBL,Control 2P,Na,Na,M-712033600-A,1,Delhi Warehouse,Ok,,Ok 26.8.2025,,,,,,,,,,,,,,,,,,,,,
JBL-07,Technical,Sound,Speaker JBL,2019,JBL,Control 2P,Na,Na,M-608030561-A,1,Delhi Warehouse,Ok,,No Sound/Not Working 26.8.2025,,,,,,,,,,,,,,,,,,,,,
JBL-08,Technical,Sound,Speaker JBL,2019,JBL,Control 2P,Na,Na,M-712033599-A,1,Delhi Warehouse,Ok,,Ok 26.8.2025,,,,,,,,,,,,,,,,,,,,,
JBL-09,Technical,Sound,Speaker JBL,2019,JBL,Control 2P,Na,Na,M-712033601-A,1,Delhi Warehouse,Ok,,Ok 26.8.2025,,,,,,,,,,,,,,,,,,,,,
JBL-10,Technical,Sound,Speaker JBL,2019,JBL,Control 2P,Na,Na,M-612031312-A,1,Delhi Warehouse,Ok,,Ok 26.8.2025(VOLUM KM ARHI H BUS),,,,,,,,,,,,,,,,,,,,,
JBL-11,Technical,Sound,Speaker JBL,2019,JBL,Control 2P,Na,Na,M-711033002-A,1,Delhi Warehouse,Ok,,Not Ok Sound Not Coming 26.8.2025,,,,,,,,,,,,,,,,,,,,,
JBL-12,Technical,Sound,Speaker JBL,2023,JBL,Control 2P,Na,Na,M-103040203-A,1,Delhi Warehouse,Ok,,Ok 26.8.2025,,,,,,,,,,,,,,,,,,,,,
JBL-13,Technical,Sound,Speaker JBL,2023,JBL,Control 2P,Na,Na,M-910038346-A,1,Delhi Warehouse,Ok,,Ok 26.8.2025,,,,,,,,,,,,,,,,,,,,,
FD-S-01,Technical,Sound,Sound Bar E200,2018,F&D,E200 Plus,Na,Na,193602595,1,Delhi Warehouse,Ok,,Ok,,,,,,,,,,,,,,,,,,,,,
FD-S-02,Technical,Sound,Sound Bar E200,2018,F&D,E200 Plus,Na,Na,173403348,1,Delhi Warehouse,Ok,,Ok,,,,,,,,,,,,,,,,,,,,,
FD-S-03,Technical,Sound,Sound Bar E200,2018,F&D,E200 Plus,Na,Na,193601919,1,Delhi Warehouse,Ok,,Ok,,,,,,,,,,,,,,,,,,,,,
FD-S-04,Technical,Sound,Sound Bar E200,2018,F&D,E200 Plus,Na,Na,173403343,1,Delhi Warehouse,Ok,,Ok,,,,,,,,,,,,,,,,,,,,,
FD-S-05,Technical,Sound,Sound Bar E200,2018,F&D,E200 Plus,Na,Na,193602602,1,Delhi Warehouse,Ok,,Ok,,,,,,,,,,,,,,,,,,,,,
FD-S-06,Technical,Sound,Sound Bar E200,2018,F&D,E200 Plus,Na,Na,173403344,1,Delhi Warehouse,Ok,,Ok,,,,,,,,,,,,,,,,,,,,,
FD-4K-01,Technical,Sound,Sound Bar T-180X,2018,F&D,T-180X,Na,Na,193400734,1,Delhi Warehouse,Ok,,Ok,,,,,,,,,,,,,,,,,,,,,
FD-4K-02,Technical,Sound,Sound Bar T-180X,2018,F&D,T-180X,Na,Na,193400185,1,Delhi Warehouse,Ok,,Ok,,,,,,,,,,,,,,,,,,,,,
FD-4K-03,Technical,Sound,Sound Bar T-180X,2018,F&D,T-180X,Na,Na,193400186,1,Delhi Warehouse,Ok,,Ok,,,,,,,,,,,,,,,,,,,,,
FD-4K-04,Technical,Sound,Sound Bar T-180X,2018,F&D,T-180X,Na,Na,193400188,1,Delhi Warehouse,Ok,,Ok,,,,,,,,,,,,,,,,,,,,,
OHP-01,Technical,Video,OHP - Projector,2019,Local,Na,Na,Na,Na,1,Delhi Warehouse,Not ok,,Not Working/Damage,,,,,,,,,,,,,,,,,,,,,
OHP-02,Technical,Video,OHP - Projector,2019,Local,Na,Na,Na,Na,1,Delhi Warehouse,Not Ok,, Not Working/Damage,,,,,,,,,,,,,,,,,,,,,
OHP-03,Technical,Video,OHP - Projector,2019,Local,Na,Na,Na,Na,1,Delhi Warehouse,Ok,, Not Working/Damage,,,,,,,,,,,,,,,,,,,,,
OHP-04,Technical,Video,OHP - Projector,2019,Local,Na,Na,Na,Na,1,Delhi Warehouse,Not Ok,,Not Working/Damage,,,,,,,,,,,,,,,,,,,,,
OHP-05,Technical,Video,OHP - Projector,2025,Local,Na,Na,Na,Na,1,Delhi Warehouse,Not Ok,,ok,,,,,,,,,,,,,,,,,,,,,
Na,Technical,Mobile Device,Tablet Huawai,2019,Huawei,T5,Na,Na,YDFBB19511200608,1,Delhi Warehouse,Ok,,Ok,,,,,,,,,,,,,,,,,,,,,
Na,Technical,Mobile Device,Tablet Huawai,2019,Huawei,T5,Na,Na,YDFBB19511200994,1,Delhi Warehouse,Ok,,Ok,,,,,,,,,,,,,,,,,,,,,
Na,Technical,Mobile Device,Tablet Huawai,2019,Huawei,T5,Na,Na,YDFBB19924101091,1,Delhi Warehouse,Ok,,Ok,,,,,,,,,,,,,,,,,,,,,
Na,Technical,Mobile Device,Tablet Huawai,2019,Huawei,T5,Na,Na,YDFBB19511200953,1,Delhi Warehouse,Ok,,Ok,,,,,,,,,,,,,,,,,,,,,
Na,Technical,Mobile Device,Tablet Huawai,2019,Huawei,T5,Na,Na,YDFBB19924101448,1,Delhi Warehouse,Ok,,Ok,,,,,,,,,,,,,,,,,,,,,
Na,Technical,Mobile Device,Tablet Huawai,2019,Huawei,T5,Na,Na,VQTBB19920100735,1,Delhi Warehouse,Ok,,Ok,,,,,,,,,,,,,,,,,,,,,
Na,Technical,Mobile Device,Tablet Huawai,2019,Huawei,T5,Na,Na,VQTBB19924102778,1,Delhi Warehouse,Ok,,Ok,,,,,,,,,,,,,,,,,,,,,
Blue Box,Technical,Mobile Device,Tablet Samsung,2023,Samsung,S6 Lite,Na,Na,R52WA012NYL,1,Delhi Warehouse,Ok,,Ok,,,,,,,,,,,,,,,,,,,,,
Blue Box,Technical,Mobile Device,Tablet Lenovo,2024,Lenovo,P12,Na,Na,Na,2,Delhi Warehouse,Ok,,Ok,,,,,,,,,,,,,,,,,,,,,
Blue Box,Technical,Mobile Device,Ipad Pro,2024,Apple,Pro,Na,Na,QHKC7KVH0X,1,Delhi Warehouse,Ok,,Ok,,,,,,,,,,,,,,,,,,,,,
Blue Box,Technical,Mobile Device,Tablet Samsung,2024,Samsung,A9,Na,Na,Na,3,Delhi Warehouse,Ok,,Ok,,,,,,,,,,,,,,,,,,,,,
Blue Box,Technical,Pc,Skull Mini Pc,2024,Skull,Skull Saint(s),Na,Na,Na,1,Delhi Warehouse,Ok,,Ok,,,,,,,,,,,,,,,,,,,,,
Blue Box,Technical,Mobile Device,Realme Pad2,2024,Realme,Pad2,Na,Na,Na,1,Delhi Warehouse,Ok,,Ok,,,,,,,,,,,,,,,,,,,,,
Na,Technical,Sound,Pa System Speaker With Two Mic,2019,Aerons,12A,Na,Na,TBD,1,Defence Colony,Ok,,All Ok 03.09.25,,,,,,,,,,,,,,,,,,,,,
Blue Box,Technical,Tab,Lenevo Tab M7,2023,Lenovo,M7,Na,Na,HA13YNQJ,1,Delhi Warehouse,Ok,,Ok,,,,,,,,,,,,,,,,,,,,,
Blue Box,Technical,Tab,Lenevo Tab M7,2023,Lenovo,M7,Na,Na,HA141NKB,1,Delhi Warehouse,Ok,,Ok,,,,,,,,,,,,,,,,,,,,,
FD-2.1-01,Technical,Sound,2.1 Speaker FandD,2019,F&D,A521,Na,Na,191500181,1,Delhi Warehouse,Ok,,Ok,,,,,,,,,,,,,,,,,,,,,
FD-2.1-02,Technical,Sound,2.1 Speaker FandD,2019,F&D,A521,Na,Na,191599184,1,Delhi Warehouse,Ok,,Ok,,,,,,,,,,,,,,,,,,,,,
FD-2.1-03,Technical,Sound,2.1 Speaker FandD,2019,F&D,A521,Na,Na,191900164,1,Delhi Warehouse,Ok,,Ok,,,,,,,,,,,,,,,,,,,,,
FD-2.1-04,Technical,Sound,2.1 Speaker FandD,2019,F&D,A510,Na,Na,183300962,1,Delhi Warehouse,Not Check,,All Ok Rca Jack Cut 02.09.25,,,,,,,,,,,,,,,,,,,,,
FD-2.1-05,Technical,Sound,2.1 Speaker FandD,2019,F&D,A510,Na,Na,183600151,1,Delhi Warehouse,Ok,,Ok,,,,,,,,,,,,,,,,,,,,,
FD-2.1-06,Technical,Sound,2.1 Speaker FandD,2019,F&D,A521,Na,Na,191500183,1,Delhi Warehouse,Ok,,All Ok Pin Tempered,,,,,,,,,,,,,,,,,,,,,
FD-2.1-07,Technical,Sound,2.1 Speaker FandD,2019,F&D,F550,Na,Na,173501116,1,Delhi Warehouse,Ok,,Ok,,,,,,,,,,,,,,,,,,,,,
FD-2.1-08,Technical,Sound,2.1 Speaker FandD,2019,F&D,A510,Na,Na,183600150,1,Delhi Warehouse,Ok,,Ok,,,,,,,,,,,,,,,,,,,,,
FD-2.1-09,Technical,Sound,2.1 Speaker FandD,2019,F&D,A521,Na,Na,191900162,1,Delhi Warehouse,Ok,,Not Ok Woofer Jack Not Working 29.8.25,,,,,,,,,,,,,,,,,,,,,
FD-2.1-10,Technical,Sound,2.1 Speaker FandD,2019,F&D,A521,Na,Na,191500170,1,Delhi Warehouse,Ok,,ok,,,,,,,,,,,,,,,,,,,,,
FD-2.1-11,Technical,Sound,2.1 Speaker FandD,2019,F&D,F550,Na,Na,173401438,1,Delhi Warehouse,Ok,,Ok,,,,,,,,,,,,,,,,,,,,,
FD-2.1-12,Technical,Sound,2.1 Speaker FandD,2019,F&D,F550,Na,Na,173401437,1,Delhi Warehouse,Ok,,Ok,,,,,,,,,,,,,,,,,,,,,
FD-2.1-13,Technical,Sound,2.1 Speaker FandD,2019,F&D,A521,Na,Na,193201006,1,Delhi Warehouse,Ok,,Ok,,,,,,,,,,,,,,,,,,,,,
FD-2.1-14,Technical,Sound,2.1 Speaker FandD,2019,F&D,A521,Na,Na,191500182,1,Delhi Warehouse,Ok,,Ok,,,,,,,,,,,,,,,,,,,,,
FD-2.1-15,Technical,Sound,2.1 Speaker FandD,2019,F&D,A521,Na,Na,191900403,1,Delhi Warehouse,Ok,,All Ok 02.09.25,,,,,,,,,,,,,,,,,,,,,
FD-2.1-16,Technical,Sound,2.1 Speaker FandD,2019,F&D,A521,Na,Na,191900163,1,Delhi Warehouse,Not Ok,,Not Working,,,,,,,,,,,,,,,,,,,,,
FD-2.1-17,Technical,Sound,2.1 Speaker FandD,2019,F&D,A521,Na,Na,191900401,1,Delhi Warehouse,Ok,,Ok,,,,,,,,,,,,,,,,,,,,,
FD-2.1-18,Technical,Sound,2.1 Speaker FandD,2019,F&D,A521,Na,Na,193200525,1,Delhi Warehouse,Ok,,Ok,,,,,,,,,,,,,,,,,,,,,
FD-2.1-19,Technical,Sound,2.1 Speaker FandD,2019,F&D,A521,Na,Na,191900161,1,Delhi Warehouse,Ok,,Ok,,,,,,,,,,,,,,,,,,,,,
FD-2.1-20,Technical,Sound,2.1 Speaker FandD,2019,F&D,A521,Na,Na,193200025,1,Delhi Warehouse,Ok,,Ok,,,,,,,,,,,,,,,,,,,,,
FD-2.1-21,Technical,Sound,2.1 Speaker FandD,2019,F&D,F550,Na,Na,173501113,1,Delhi Warehouse,Ok,,Not Ok 02.09.25,,,,,,,,,,,,,,,,,,,,,
FD-2.1-22,Technical,Sound,2.1 Speaker FandD,2019,F&D,A510,Na,Na,183600149,1,Delhi Warehouse,Not Check,,All Ok 02.9.25,,,,,,,,,,,,,,,,,,,,,
FD-2.1-23,Technical,Sound,2.1 Speaker FandD,2019,F&D,A521,Na,Na,191900404,1,Delhi Warehouse,Ok,,Ok,,,,,,,,,,,,,,,,,,,,,
FD-2.1-24,Technical,Sound,2.1 Speaker FandD,2019,F&D,A510,Na,Na,183600152,1,Delhi Warehouse,Ok,,Ok,,,,,,,,,,,,,,,,,,,,,
FD-2.1-25,Technical,Sound,2.1 Speaker FandD,2023,F&D,tbc,Na,Na,221201463,1,Delhi Warehouse,Ok,,Not Ok 02.09.25,,,,,,,,,,,,,,,,,,,,,
FD-2.1-26,Technical,Sound,2.1 Speaker FandD,2019,F&D,A510,Na,Na,183300389,1,Delhi Warehouse,Ok,,Ok,,,,,,,,,,,,,,,,,,,,,
ZB-5.1-01,Technical,Sound,5.1 Speaker Zebion,2018,Zebion,Flowrence Diva,Na,Na,2016010289,1,Delhi Warehouse,Not Ok,,Rca Output Not working,,,,,,,,,,,,,,,,,,,,,
Odyssey,Technical,Sound,2.1 Speaker Odyssey,2017,Odyssey,Na,Na,Na,Na,1,Delhi Warehouse,Ok,,All Ok 02.9.25,,,,,,,,,,,,,,,,,,,,,
VT-C5-01,Technical,Sound,Studio Monitor C5,2022,Vault,C5,Na,Na,C5/21-22/00028,1,Delhi Warehouse,Ok,,All Ok 02.9.25,,,,,,,,,,,,,,,,,,,,,
VT-C5-02,Technical,Sound,Studio Monitor C5,2022,Vault,C5,Na,Na,C5/21-22/00027,1,Delhi Warehouse,Ok,,All Ok 02.9.25,,,,,,,,,,,,,,,,,,,,,
VT-C5-03,Technical,Sound,Studio Monitor C5,2022,Vault,C5,Na,Na,C5/21-22/00341,1,Delhi Warehouse,Ok,,All Ok 02.9.25,,,,,,,,,,,,,,,,,,,,,
VT-C5-04,Technical,Sound,Studio Monitor C5,2022,Vault,C5,Na,Na,C5/21-22/00332,1,Delhi Warehouse,Ok,,All Ok 02.9.25,,,,,,,,,,,,,,,,,,,,,
PH-5.1-01,Technical,Sound,5.1 Speaker Philips SPA,2019,Philips,SPA8000B,Na,Na,WC181810052253,1,Delhi Warehouse,Ok,,Rca Cut Not Tested 03.09.25,,,,,,,,,,,,,,,,,,,,,
PH-5.1-02,Technical,Sound,5.1 Speaker Philips SPA,2019,Philips,SPA8000B,Na,Na,WC181810052300,1,Delhi Warehouse,Ok,,All Ok 03.09.25,,,,,,,,,,,,,,,,,,,,,
PH-5.1-03,Technical,Sound,5.1 Speaker Philips SPA,2019,Philips,SPA8000B,Na,Na,WC1A1810051163,1,Delhi Warehouse,Ok,,All Ok 03.09.25,,,,,,,,,,,,,,,,,,,,,
PH-5.1-04,Technical,Sound,5.1 Speaker Philips SPA,2019,Philips,SPA8000B,Na,Na,WC1A1810053047,1,Delhi Warehouse,Ok,,Rca Cut Not Tested 03.09.25,,,,,,,,,,,,,,,,,,,,,
PH-2.1-01,Technical,Sound,2.1 Speaker Philips MMS2550F,2019,Philips,MMS2550F,Na,Na,YL2B1624208129,1,Delhi Warehouse,Ok,,Rca Cut Not Tested 03.09.25,,,,,,,,,,,,,,,,,,,,,
PH-2.1-02,Technical,Sound,2.1 Speaker Philips MMS2625B,2023,Philips,MMS2625B,Na,Na,WC1AA190017401,1,Delhi Warehouse,Ok,,Rca Cut Not Tested 03.09.25,,,,,,,,,,,,,,,,,,,,,
PH-2.1-03,Technical,Sound,2.1 Speaker Philips MMS2625B,2023,Philips,MMS2625B,Na,Na,WCAA2331267148,1,Delhi Warehouse,Ok,,All Ok 03.09.25,,,,,,,,,,,,,,,,,,,,,
SN-4.1-01,Technical,Sound,4.1 Speaker Sony,2019,Sony,SA-D10,Na,Na,6538986,1,Delhi Warehouse,Ok,,Audio Jack Cut Not Tested 03.09.25,,,,,,,,,,,,,,,,,,,,,
SN-4.1-02,Technical,Sound,4.1 Speaker Sony,2019,Sony,SA-D10,Na,Na,6403908,1,Delhi Warehouse,Not ok,,Wire Cutted,,,,,,,,,,,,,,,,,,,,,
Altec,Technical,Sound,5.1 Speaker Altec,2022,Altec,AL-3001C,Na,Na,A3308f19000762,1,Delhi Warehouse,Ok,,Sound Issue 02.9.25,,,,,,,,,,,,,,,,,,,,,
Na,Technical,Sound,Soundtube,2022,Soundshower,SA202,Na,Na,Na,3,Delhi Warehouse,Ok,,All Ok 02.9.25,,,,,,,,,,,,,,,,,,,,,
Cromo,Technical,Sound,Trolley Speaker,2019,Cromo,8+,Na,Na,L419013916,1,Delhi Warehouse,Ok,,All Ok 02.9.25,,,,,,,,,,,,,,,,,,,,,
Na,Technical,Amp,Kadence AG08 8 Channel USB Mixer ,2019,Kadence, AG08,Na,Na,,1,Delhi Warehouse,Ok,,All Ok 02.9.25,,,,,,,,,,,,,,,,,,,,,
Na,Technical,Amp,Yamaha MG06X ,2019,Yamaha,MG06X,Na,Na,,1,Delhi Warehouse,Ok,,All Ok 02.9.25,,,,,,,,,,,,,,,,,,,,,
Na,Technical,Amp,Behringer  ADA8200,2019,Behringer,ADA8200,Na,Na,,1,Delhi Warehouse,Ok,,All Ok 02.9.25,,,,,,,,,,,,,,,,,,,,,
M4-01,Technical,Amp,Motu,2022,Motu,M4,Na,Na,M4AE1140MD,1,Delhi Warehouse,Ok,,All Ok 02.9.25,,,,,,,,,,,,,,,,,,,,,
M4-02,Technical,Amp,Motu,2022,Motu,M4,Na,Na,M4AE04EBMD,1,Delhi Warehouse,Ok,,All Ok 02.9.25,,,,,,,,,,,,,,,,,,,,,
M4-03,Technical,Amp,Motu,2022,Motu,M4,Na,Na,M4AE1140MD,1,Delhi Warehouse,Ok,,All Ok 02.9.25,,,,,,,,,,,,,,,,,,,,,
M4-04,Technical,Amp,Motu,2022,Motu,M4,Na,Na,M4AE113DMD,1,Delhi Warehouse,Ok,,All Ok 02.9.25,,,,,,,,,,,,,,,,,,,,,
M4-05,Technical,Amp,Motu,2022,Motu,M4,Na,Na,M4AE113FMD,1,Delhi Warehouse,Ok,,All Ok 02.9.25,,,,,,,,,,,,,,,,,,,,,
M4-06,Technical,Amp,Motu,2022,Motu,M4,Na,Na,M4AE1139MD,1,Delhi Warehouse,Ok,,All Ok 02.9.25,,,,,,,,,,,,,,,,,,,,,
 Beyerdynamics,Technical,Headphone,Beyerdynamics,2022,beyerdyNamics,DT-770 Pro,Na,Na,Na,4,Delhi Warehouse,Ok,,Ok,,,,,,,,,,,,,,,,,,,,,
Sony,Technical,Headphone,Sony,2023,Sony,MDR-Zx310Ap,Na,Na,Na,18,Delhi Warehouse,Ok,,All Ok 02.9.25,,,,,,,,,,,,,,,,,,,,,
Sony,Technical,Headphone,Sony ZX110AP,2023,Sony,ZX110AP,Na,Na,Na,45,Delhi Warehouse,Ok,,,,,,,,,,,,,,,,,,,,,,,
Boat,Technical,Headphone,Boat Rockerz 550,2024,Boat,Rockerz 550,Na,Na,Na,6,Delhi Warehouse,Ok,,Ok,,,,,,,,,,,,,,,,,,,,,
Boat,Technical,Headphone,Boat Rockerz 430,2024,Boat,Rockerz 430,Na,Na,Na,2,Delhi Warehouse,Ok,,Ok,,,,,,,,,,,,,,,,,,,,,
Softline,Technical,Headphone,Pro HD 206,2024,Softline,Pro HD 206,Na,Na,Na,1,Delhi Warehouse,Ok,,Ok,,,,,,,,,,,,,,,,,,,,,
Na,Technical,Appliance,Worltech Screen,2019,Worldtech,Na,Na,Na,Na,2,Delhi Warehouse,Ok,,1 Is Not Ok,,,,,,,,,,,,,,,,,,,,,
Na,Technical,Mic,Studiomaster Lapel,2019,Studiomaster,TBD,Na,Na,Na,2,Delhi Warehouse,Ok,,All Ok 02.9.25,,,,,,,,,,,,,,,,,,,,,
Na,Technical,Mic,Ahuja  ,2019,Ahuja,AMW-520VH,Na,Na,Na,3,Delhi Warehouse,Ok,,All Ok 02.9.25,,,,,,,,,,,,,,,,,,,,,
Na,Technical,Sound,Artis BT Speaker,NA,Artis,NA,NA,NA,1,1,Delhi Warehouse,Ok,,All Ok 02.9.25,,,,,,,,,,,,,,,,,,,,,
Na,Technical,Amp,Focusrite Scarlett ,2022,Focusrite,Scarlett 18i20,Na,Na,P9UWJ7N2C1383C,1,Delhi Warehouse,Ok,,All Ok 02.9.25,,,,,,,,,,,,,,,,,,,,,
Na,Technical,Amp,Focusrite Scarlett ,2023,Focusrite,Scarlett 18i20,Na,Na,P9AP4PB2A12BA4,1,Delhi Warehouse,Ok,,All Ok 02.9.25,,,,,,,,,,,,,,,,,,,,,
Na,Technical,Amp,Focusrite Scarlett ,2023,Focusrite,Scarlett 18i20,Na,Na,P9MO2FT250F83A,1,Delhi Warehouse,Ok,,All Ok 02.9.25,,,,,,,,,,,,,,,,,,,,,
Na,Technical,Game,Xbox Kinect Sensor,2022,Xbox,Kinect,Na,Na,TBD,1,Delhi Warehouse,Ok,,All Ok 02.9.25,,,,,,,,,,,,,,,,,,,,,
NA,Technical,Video,ASUS Monitor,2022,Asus,VG278,"27""",In,TBD,1,Delhi Warehouse,Ok,,All Ok 02.9.25,,,,,,,,,,,,,,,,,,,,,
Na,Technical,Amp,Blue Bass,2023,Blue Bass,SABRE-804mk2,Na,Na,Na,1,Delhi Warehouse,Ok,,All Ok 02.9.25,,,,,,,,,,,,,,,,,,,,,
NA,Technical,Sound,Denon AVR,2022,Denon,Avr-X550BT,NA,NA,AZC27220953396,3,Delhi Warehouse,,,All Ok 02.9.25,,,,,,,,,,,,,,,,,,,,,
Accessories Box 1,Technical,misc.,Tab Holder,2022,Na,Na,Na,Na,Na,4,Delhi Warehouse,Ok,,OK ,,,,,,,,,,,,,,,,,,,,,
Accessories Box 1,Technical,misc.,Displayport To Hdmi Belkin,2019,Belkin,Na,Na,Na,Na,5,Delhi Warehouse,Ok,,Ok,,,,,,,,,,,,,,,,,,,,,
Accessories Box 1,Technical,misc.,Displayport To Hdmi,2019,Na,Na,Na,Na,Na,8,Delhi Warehouse,Ok,,Ok,,,,,,,,,,,,,,,,,,,,,
Accessories Box 1,Technical,MIC,Perception 120 Usb Mic,2023,Na,Na,Na,Na,Na,1,Delhi Warehouse,Ok,,Ok,,,,,,,,,,,,,,,,,,,,,
Accessories Box 1,Technical,Misc.,Type C To Female Hdmi Usb,2022,Na,Na,Na,Na,Na,1,Delhi Warehouse,Ok,,Ok,,,,,,,,,,,,,,,,,,,,,
Accessories Box 1,Technical,Misc.,Displayport To Hdmi Nextech,2019,Nextech,Na,Na,Na,Na,4,Delhi Warehouse,Ok,,Ok,,,,,,,,,,,,,,,,,,,,,
Accessories Box 1,Technical,Sound,BT Pocket Speaker Philips,2019,Philips,Na,Na,Na,Na,1,Delhi Warehouse,Ok,,Ok,,,,,,,,,,,,,,,,,,,,,
Accessories Box 1,Technical,Misc.,Hdmi To Vga,2019,Na,Na,Na,Na,Na,4,Delhi Warehouse,Ok,,Ok,,,,,,,,,,,,,,,,,,,,,
Accessories Box 1,Technical,Media Player,Local Mp3 Player,2018,Na,Na,Na,Na,Na,3,Delhi Warehouse,Ok,,Ok,o,,,,,,,,,,,,,,,,,,,,
Accessories Box 1,Technical,Media Player,Mxq4k Tv Box,2023,Na,Na,Na,Na,Na,4,Delhi Warehouse,Ok,,Ok,o,,,,,,,,,,,,,,,,,,,,
Accessories Box 1,Technical,Misc.,Hdmi 1x4 Port Splitter,2019,Na,Na,Na,Na,Na,5,Delhi Warehouse,Ok,,Ok,o,,,,,,,,,,,,,,,,,,,,
Accessories Box 1,Technical,Misc.,Mini Hdmi To Vga,2018,Mini,Na,Na,Na,Na,7,Delhi Warehouse,Ok,,Ok,,,,,,,,,,,,,,,,,,,,,
Accessories Box 1,Technical,MIC,Shure Mic,2023,Shure,Na,Na,Na,Na,1,Delhi Warehouse,Ok,,Ok,,,,,,,,,,,,,,,,,,,,,
Accessories Box 1,Technical,Camera,Oakd Ai Camera,2024,Na,Na,Na,Na,Na,1,Delhi Warehouse,Ok,,,,,,,,,,,,,,,,,,,,,,,
Accessories Box 2,Technical,Sound,BT Pocket Speaker Boat,2023,Boat,Stone,Na,Na,Na,1,Delhi Warehouse,Ok,,Ok,,,,,,,,,,,,,,,,,,,,,
Accessories Box 2,Technical,Misc.,Network Switch 8 Port D-link,2022,D-Link,Na,Na,Na,Na,4,Delhi Warehouse,Ok,,Ok,,,,,,,,,,,,,,,,,,,,,
Accessories Box 2,Technical,Media Player,Ruiza Mp3 Player,2023,Ruiza,Na,Na,Na,Na,21,Delhi Warehouse,Ok,,Ok,,,,,,,,,,,,,,,,,,,,,
Accessories Box 2,Technical,Misc.,Network Switch 8 Port Linkys,2019,Linkys,Na,Na,Na,Na,2,Delhi Warehouse,Ok,,Ok,,,,,,,,,,,,,,,,,,,,,
Accessories Box 2,Technical,MIC,Hanging Mic,2022,Samson,Cm12c,Na,Na,Na,1,Delhi Warehouse,Ok,,Ok,,,,,,,,,,,,,,,,,,,,,
Accessories Box 2,Technical,Misc.,Hdmi To Av Ugreen,2018,Ugreen,Na,Na,Na,Na,8,Delhi Warehouse,Ok,,Ok,,,,,,,,,,,,,,,,,,,,,
Accessories Box 2,Technical,Misc.,Network Switch 8 Port Tp-Link,2022,Tp-Link,Na,Na,Na,Na,2,Delhi Warehouse,Ok,,Ok,,,,,,,,,,,,,,,,,,,,,
Accessories Box 2,Technical,Sound,Hifi-Amplifier,2023,HiFi,Na,Na,Na,Na,2,Delhi Warehouse,Ok,,Ok,,,,,,,,,,,,,,,,,,,,,
Accessories Box 2,Technical,Misc.,H1N Zoom Recorder,2023,Zoom,H1N,Na,Na,Na,2,Delhi Warehouse,Ok,,Ok,,,,,,,,,,,,,,,,,,,,,
Accessories Box 2,Technical,Headphone,Sennheiser Headphone,2025,Sennheiser,HD 599SE,Na,Na,Na,2,Delhi Warehouse,Ok,,,,,,,,,,,,,,,,,,,,,,,
Accessories Box 2,Technical,Sound,Telephone Speaker,2026,Na,Na,Na,Na,Na,4,Delhi Warehouse,Ok,,,,,,,,,,,,,,,,,,,,,,,
Accessories Box 2,Technical,Sound,Toreto BT Speaker,2025,Toreto,Na,Na,Na,Na,1,Delhi Warehouse,,,,,,,,,,,,,,,,,,,,,,,,
Accessories Box 3,Technical,Misc.,Tv Box 4k,2023,G96max,W2,Na,Na,Na,3,Delhi Warehouse,Ok,,Ok,,,,,,,,,,,,,,,,,,,,,
Accessories Box 3,Technical,Misc.,Pandrive,2022,Na,Na,Na,Na,Na,38,Delhi Warehouse,Ok,,Ok,,,,,,,,,,,,,,,,,,,,,
Accessories Box 3,Technical,Media Player,Brightsign,2019,Brightsign,LS3,Na,Na,Na,6,Delhi Warehouse,Ok,,Ok(1 out of 6 is having issue with power),,,,,,,,,,,,,,,,,,,,,
Accessories Box 3,Technical,Media Player,Brightsign,2023,Brightsign,XD5,Na,Na,Na,2,Delhi Warehouse,Ok,,Ok,,,,,,,,,,,,,,,,,,,,,
Accessories Box 3,Technical,Media Player,Brightsign,2023,Brightsign,HD5,Na,Na,Na,3,Delhi Warehouse,Ok,,Ok,,,,,,,,,,,,,,,,,,,,,
Accessories Box 3,Technical,Media Player,Brightsign,2023,Brightsign,LS5,Na,Na,Na,3,Delhi Warehouse,Ok,,Ok,,,,,,,,,,,,,,,,,,,,,
Accessories Box 3,Technical,Media Player,Raspberry PI4,2022,Raspberry,Pi4,21,Na,Ok,21,Delhi Warehouse,Ok,,Ok,,,,,,,,,,,,,,,,,,,,,
Accessories Box 3,Technical,misc.,Netgear Network Switch,2024,Netgear,Na,Na,Na,Na,1,Delhi Warehouse,Ok,,Ok,,,,,,,,,,,,,,,,,,,,,
Accessories Box 3,Technical,Misc.,Presentation Remote,2023,Logitech,Na,Na,To be defined,Na,2,Delhi Warehouse,Ok,,Ok,,,,,,,,,,,,,,,,,,,,,
Accessories Box 3,Technical,misc.,Red Gear Gamimg Remote,2022,Red Gear,Na,Na,To be defined,Na,1,Delhi Warehouse,Ok,,Ok,,,,,,,,,,,,,,,,,,,,,
Accessories Box 3,Technical,misc.,Safari Emergency Light,2023,Wipro,Na,Na,To be defined,Na,2,Delhi Warehouse,Ok,,Ok,,,,,,,,,,,,,,,,,,,,,
Accessories Box 3,Technical,misc.,HDMI spliter,2023,Na,Na,Na,To be defined,Na,1,Delhi Warehouse,Ok,,Ok,,,,,,,,,,,,,,,,,,,,,
Accessories Box 3,Technical,misc.,HDMI Convertor,2024,Na,Na,Na,To be defined,Na,1,Delhi Warehouse,Ok,,Ok,,,,,,,,,,,,,,,,,,,,,
Accessories Box 3,Technical,misc.,Mini Hdmi To Vga,2022,Na,Na,Na,To be defined,Na,2,Delhi Warehouse,Ok,,Ok,,,,,,,,,,,,,,,,,,,,,
Accessories Box 3,Technical,misc.,Web Cam Brio 100,2024,Na,Na,Na,To be defined,Na,1,Delhi Warehouse,Ok,,Ok,,,,,,,,,,,,,,,,,,,,,
Accessories Box 3,Technical,misc.,OTG Usb Type c Micro,2024,Na,NA,Na,To be defined,Na,5,Delhi Warehouse,Ok,,Ok,,,,,,,,,,,,,,,,,,,,,
Accessories Box 3,Technical,misc.,Aux To Aux Female ,2024,Na,Na,Na,To be defined,Na,4,Delhi Warehouse,Ok,,Ok,,,,,,,,,,,,,,,,,,,,,
Accessories Box 3,Technical,misc.,Type C to Female Hdmi,2024,Na,Na,Na,To be defined,Na,1,Delhi Warehouse,Ok,,Ok,,,,,,,,,,,,,,,,,,,,,
Accessories Box 3,Technical,misc.,Type C To Female Hdmi,2024,Na,Na,Na,To be defined,Na,1,Delhi Warehouse,Ok,,Ok,,,,,,,,,,,,,,,,,,,,,
Accessories Box 3,Technical,misc.,Network Switch Port White,2022,Na,Na,Na,To be defined,Na,1,Delhi Warehouse,Ok,,Ok,,,,,,,,,,,,,,,,,,,,,
Accessories Box 3,Technical,misc.,Linetek Av To Hdmi ,2022,Na,Na,Na,To be defined,Na,1,Delhi Warehouse,Ok,,Ok,,,,,,,,,,,,,,,,,,,,,
Accessories Box 3,Technical,misc.,Tobo Av To Hdmi ,2022,Na,Na,Na,To be defined,Na,1,Delhi Warehouse,Ok,,Ok,,,,,,,,,,,,,,,,,,,,,
Accessories Box 3,Technical,Speaker,Toreto BT Speaker,2024,Toreto,Na,Na,To be defined,Na,1,Delhi Warehouse,Ok,,Ok,,,,,,,,,,,,,,,,,,,,,
Accessories Box 3,Technical,misc.,Safari Emergency Light,2023,Wipro,Na,Na,Na,Na,2,Delhi Warehouse,Ok,,,,,,,,,,,,,,,,,,,,,,,
Accessories Box 3,Technical,misc.,Red Gear Gamimg Remote,2023,Red Gear,Na,Na,Na,Na,1,Delhi Warehouse,Ok,,,,,,,,,,,,,,,,,,,,,,,
Accessories Box 3,Technical,Speaker,Toreto BT Speaker,2024,Toreto,Na,Na,Na,Na,1,Delhi Warehouse,Ok,,,,,,,,,,,,,,,,,,,,,,,
Accessories Box 3,Technical,misc.,1x4 Hdmi splitter w/EDID,2024,Na,Na,Na,Na,Na,1,Delhi Warehouse,Ok,,,,,,,,,,,,,,,,,,,,,,,
Accessories Box 3,Technical,IT,Logitech Brio 100 cam,2024,Logitech,Na,Na,Na,Na,1,Delhi Warehouse,Ok,,,,,,,,,,,,,,,,,,,,,,,
Accessories Box 3,Technical,misc.,HD extender,2025,Na,Na,Na,Na,Na,1,Delhi Warehouse,Ok,,,,,,,,,,,,,,,,,,,,,,,
Accessories Box 3,Technical,IT,OTG Usb Type c Micro,2025,Na,Na,Na,Na,Na,4,Delhi Warehouse,Ok,,,,,,,,,,,,,,,,,,,,,,,
Accessories Box 3,Technical,misc.,Logitech Pointer,2024,Logitech,Na,Na,Na,Na,3,Delhi Warehouse,Ok,,,,,,,,,,,,,,,,,,,,,,,
Accessories Box 3,Technical,misc.,Hdmi To Av ,2023,Na,Na,Na,Na,Na,4,Delhi Warehouse,Ok,,,,,,,,,,,,,,,,,,,,,,,
Accessories Box 3,Technical,misc.,Netgear Network Switch,2023,Netgear,Na,Na,Na,Na,1,Delhi Warehouse,Ok,,,,,,,,,,,,,,,,,,,,,,,
Accessories Box 3,Technical,Media Player,Raspberry PI4,2023,Raspberry,Na,Na,Na,Na,24,Delhi Warehouse,Ok,,,,,,,,,,,,,,,,,,,,,,,
Accessories Box 4,Technical,Wifi,Wifi Router,2025,Tp-Link,Archer c6,Na,Na,Na,1,Delhi Warehouse,Ok,,,,,,,,,,,,,,,,,,,,,,,
Accessories Box 4,Technical,Media Player,Ruiza Mp3 Player,2025,Ruiza,Na,Na,Na,Na,10,Delhi Warehouse,Ok,,,,,,,,,,,,,,,,,,,,,,,
Accessories Box 4,Technical,Splitter,Stan DMX Singnal Amplifier,2025,Stan,Splitter 8,Na,Na,Na,1,Delhi Warehouse,Ok,,,,,,,,,,,,,,,,,,,,,,,
Accessories Box 4,Technical,Media Player,HDTV Extender(HDMI to Cat 6),2025,Na,Na,Na,Na,Na,8,Delhi Warehouse,Ok,,,,,,,,,,,,,,,,,,,,,,,
Accessories Box 4,Technical,Telephone,Hola Telephone,2025,Na,Na,Na,Na,Na,2,Delhi Warehouse,Ok,,,,,,,,,,,,,,,,,,,,,,,
Accessories Box 4,Technical,Speaker,Tribit BT Speaker,2025,X Sound Go,Na,Na,Na,Na,1,Delhi Warehouse,Ok,,,,,,,,,,,,,,,,,,,,,,,
Accessories Box 4,Technical,Speaker,Zebornics Tweeter,2025,Na,Na,Na,Na,Na,1,Delhi Warehouse,Ok,,,,,,,,,,,,,,,,,,,,,,,
Accessories Box 4,Technical,Amp,Fosi Headphone Amp,2025,Fosi Audio,PH04,Na,Na,Na,2,Delhi Warehouse,Ok,,,,,,,,,,,,,,,,,,,,,,,
Accessories Box 4,Technical,Amp,Behringer  Headphone Amp,2025,Behringer,HA400,Na,Na,Na,1,Delhi Warehouse,Ok,,,,,,,,,,,,,,,,,,,,,,,
Accessories Box 4,Technical,misc.,Usb C to Hdtv,2025,Na,Na,Na,Na,Na,1,Delhi Warehouse,Ok,,,,,,,,,,,,,,,,,,,,,,,
Accessories Box 4,Technical,IT,Wireless Mouse,2025,Hp,M190,Na,Na,Na,1,Delhi Warehouse,Ok,,,,,,,,,,,,,,,,,,,,,,,
Accessories Box 4,Technical,misc.,Usb Midi Cable,2025,Na,Na,Na,Na,Na,2,Delhi Warehouse,Ok,,,,,,,,,,,,,,,,,,,,,,,
Accessories Box 4,Technical,misc.,Usb to C Type Female,2025,Na,Na,Na,Na,Na,4,Delhi Warehouse,Ok,,,,,,,,,,,,,,,,,,,,,,,
Accessories Box 4,Technical,IT,ESP32 Development Board,2025,Razai,Na,Na,Na,Na,8,Delhi Warehouse,Ok,,,,,,,,,,,,
